date,close,change,volume,open,high,low
2017-03-06,72.00,-2.00 (-2.70 %),3010,69.8,73.90,69.80
2017-03-07,70.60,-1.40 (-1.94 %),4200,69.80,70.60,69.00
2017-03-08,74.00,3.40 (4.82 %),3400,70.0,74.00,70.00
2017-03-09,74.00,0.00 (0.00 %),4810,70.50,74.00,70.50
2017-03-10,74.00,0.00 (0.00 %),0,74.0,74.00,74.00
2017-03-13,74.00,0.00 (0.00 %),6150,75.00,80.00,70.50
2017-03-14,71.00,-3.00 (-4.05 %),1800,74.5,76.00,71.00
2017-03-15,77.00,6.00 (8.45 %),505,73.50,77.00,73.50
2017-03-16,77.00,0.00 (0.00 %),310,77.0,77.00,77.00
2017-03-17,77.00,0.00 (0.00 %),4,77.00,77.00,77.00
2017-03-20,74.80,-2.20 (-2.86 %),2369,71.0,76.50,71.00
2017-03-21,74.50,-0.30 (-0.40 %),905,75.00,75.90,74.50
2017-03-22,73.90,0.80 (1.09 %),647,73.9,73.90,72.00
2017-03-23,73.90,0.00 (0.00 %),3202,75.00,77.00,72.10
2017-03-24,73.90,0.00 (0.00 %),1344,75.0,75.00,71.50
2017-03-27,73.50,-0.40 (-0.54 %),3147,75.00,77.00,71.50
2017-03-28,72.70,-0.80 (-1.09 %),800,71.6,72.80,71.00
2017-03-29,72.70,0.00 (0.00 %),1124,70.00,72.70,70.00
2017-03-30,73.50,0.80 (1.10 %),1702,73.9,73.90,71.50
2017-03-31,76.90,3.40 (4.63 %),7000,74.50,77.00,71.00
2017-04-03,75.90,-1.00 (-1.30 %),800,76.9,76.90,74.00
2017-04-04,75.90,0.00 (0.00 %),1048,77.00,80.00,73.00
2017-04-05,75.90,0.00 (0.00 %),800,77.0,77.00,73.00
2017-04-07,75.00,-0.90 (-1.19 %),900,77.00,77.00,75.00
2017-04-10,77.90,2.90 (3.87 %),200,76.9,77.90,76.90
2017-04-11,75.00,-2.90 (-3.72 %),100,75.00,75.00,75.00
2017-04-12,74.90,-0.10 (-0.13 %),1600,78.0,78.00,73.00
2017-04-13,74.90,0.00 (0.00 %),900,77.00,77.00,74.00
2017-04-14,77.00,2.10 (2.80 %),184,77.0,77.00,77.00
2017-04-17,76.00,-1.00 (-1.30 %),6250,73.00,76.00,72.00
2017-04-18,75.00,-1.00 (-1.32 %),1720,73.0,75.00,70.00
2017-04-19,75.00,0.00 (0.00 %),68,75.00,75.00,75.00
2017-04-20,74.60,-0.40 (-0.53 %),5318,74.0,74.90,71.30
2017-04-21,74.00,-0.60 (-0.80 %),2120,73.00,74.00,73.00
2017-04-24,74.00,0.00 (0.00 %),1632,73.5,74.00,72.00
2017-04-25,73.90,-0.10 (-0.14 %),580,74.00,74.90,73.90
2017-04-26,74.20,0.30 (0.41 %),5600,74.9,74.90,72.30
2017-04-27,74.00,-0.20 (-0.27 %),1632,74.90,74.90,72.00
2017-04-28,74.70,0.70 (0.95 %),896,73.0,74.70,73.00
2017-05-03,73.90,-0.80 (-1.07 %),1408,73.00,74.00,72.50
2017-05-04,73.00,-0.90 (-1.22 %),3037,72.1,73.00,71.00
2017-05-05,73.90,0.90 (1.23 %),1900,73.00,73.90,73.00
2017-05-08,73.90,0.00 (0.00 %),2500,72.0,73.90,72.00
2017-05-09,72.40,-1.50 (-2.03 %),2992,72.10,73.80,72.00
2017-05-10,72.90,0.50 (0.69 %),3110,73.9,73.90,71.00
2017-05-11,72.90,0.00 (0.00 %),0,72.90,72.90,72.90
2017-05-12,72.80,-0.10 (-0.14 %),1192,73.8,73.80,71.30
2017-05-15,72.30,-0.50 (-0.69 %),4337,73.60,73.60,71.00
2017-05-16,72.50,0.20 (0.28 %),3420,72.3,72.50,72.30
2017-05-17,72.80,0.30 (0.41 %),1623,72.50,72.80,72.30
2017-05-18,73.00,0.20 (0.27 %),8800,73.9,73.90,72.80
2017-05-19,74.50,1.50 (2.05 %),9046,73.00,74.50,70.10
2017-05-22,73.00,-1.50 (-2.01 %),7246,73.5,74.20,72.50
2017-05-23,73.90,0.90 (1.23 %),1463,74.50,74.50,73.00
2017-05-24,72.90,-1.00 (-1.35 %),4600,74.2,75.00,72.50
2017-05-25,80.00,7.10 (9.74 %),2446,74.00,80.00,73.00
2017-05-26,83.00,3.00 (3.75 %),3110,82.0,88.00,82.00
2017-05-29,80.00,-3.00 (-3.61 %),330,85.90,85.90,80.00
2017-05-30,80.00,0.00 (0.00 %),1083,83.9,83.90,75.50
2017-05-31,80.00,0.00 (0.00 %),1457,80.30,80.30,75.20
2017-06-01,79.00,-1.00 (-1.25 %),4618,85.0,85.00,77.00
2017-06-02,79.00,0.00 (0.00 %),513,80.00,80.00,79.00
2017-06-05,79.00,0.00 (0.00 %),400,79.8,79.80,75.60
2017-06-06,79.00,0.00 (0.00 %),0,79.00,79.00,79.00
2017-06-07,79.90,0.90 (1.14 %),7400,80.0,80.00,78.00
2017-06-08,80.00,0.10 (0.13 %),2670,79.90,87.80,79.90
2017-06-09,80.00,0.00 (0.00 %),2826,87.5,87.50,78.00
2017-06-12,80.00,0.00 (0.00 %),7700,87.00,87.00,77.00
2017-06-13,80.00,0.00 (0.00 %),2239,85.0,85.00,78.00
2017-06-14,82.00,2.00 (2.50 %),12531,80.00,87.80,79.00
2017-06-15,82.00,0.00 (0.00 %),608,90.0,90.00,81.00
2017-06-16,82.00,0.00 (0.00 %),900,84.00,84.00,78.60
2017-06-19,80.00,-2.00 (-2.44 %),2570,81.0,81.00,79.90
2017-06-20,85.80,5.80 (7.25 %),9502,83.40,86.00,78.70
2017-06-21,94.00,8.20 (9.56 %),8559,88.9,94.00,85.00
2017-06-22,92.90,-1.10 (-1.17 %),4066,94.00,94.00,90.00
2017-06-23,93.20,0.30 (0.32 %),2550,94.9,94.90,90.00
2017-06-26,94.30,1.10 (1.18 %),1400,102.00,102.00,93.50
2017-06-27,89.90,-4.40 (-4.67 %),5600,100.0,100.00,89.90
2017-06-28,94.30,4.40 (4.89 %),3400,95.00,96.50,93.00
2017-06-29,92.00,-2.30 (-2.44 %),2470,96.0,96.00,90.00
2017-06-30,90.90,-1.10 (-1.20 %),3725,94.00,94.00,89.00
2017-07-03,90.00,-0.90 (-0.99 %),3400,88.5,90.00,88.50
2017-07-04,93.00,3.00 (3.33 %),200,91.90,93.00,91.90
2017-07-05,91.80,-1.20 (-1.29 %),6600,86.0,91.80,86.00
2017-07-06,90.50,-1.30 (-1.42 %),4600,88.90,91.90,85.00
2017-07-07,88.80,-1.70 (-1.88 %),400,88.9,88.90,88.00
2017-07-10,88.80,0.00 (0.00 %),0,88.80,88.80,88.80
2017-07-11,89.60,0.80 (0.90 %),4205,89.9,90.00,87.00
2017-07-12,90.00,0.40 (0.45 %),11640,86.80,90.00,86.80
2017-07-13,88.90,-1.10 (-1.22 %),900,86.9,88.90,86.90
2017-07-14,89.50,0.60 (0.67 %),8500,86.80,90.00,83.00
2017-07-17,89.50,0.00 (0.00 %),0,89.5,89.50,89.50
2017-07-18,89.70,0.20 (0.22 %),2400,90.00,90.00,86.10
2017-07-19,88.70,-1.00 (-1.11 %),2600,90.0,90.00,86.80
2017-07-20,89.00,0.30 (0.34 %),3580,86.50,89.00,86.50
2017-07-21,89.80,0.80 (0.90 %),1000,87.8,89.80,87.80
2017-07-24,89.40,-0.40 (-0.45 %),3100,87.80,89.50,87.80
2017-07-25,87.50,-1.90 (-2.13 %),1900,89.2,90.00,87.50
2017-07-26,85.50,-2.00 (-2.29 %),2400,85.30,88.90,85.10
2017-07-27,86.80,1.30 (1.52 %),2800,86.3,88.90,85.00
2017-07-28,89.90,3.10 (3.57 %),1100,85.80,89.90,85.80
2017-07-31,90.10,0.20 (0.22 %),7500,85.1,90.10,85.10
2017-08-01,84.00,-6.10 (-6.77 %),3605,85.60,85.60,84.00
2017-08-02,84.80,0.80 (0.95 %),100,84.8,84.80,84.80
2017-08-03,86.00,1.20 (1.42 %),3304,87.00,87.00,84.00
2017-08-04,86.40,0.40 (0.47 %),1500,83.9,86.40,83.90
2017-08-07,88.50,2.10 (2.43 %),1100,83.80,88.50,83.80
2017-08-08,87.00,-0.50 (-0.57 %),403,87.4,88.40,87.00
2017-08-09,86.60,-0.40 (-0.46 %),1340,84.50,86.60,83.50
2017-08-10,86.40,-0.20 (-0.23 %),100,86.4,86.40,86.40
2017-08-11,86.50,0.10 (0.12 %),1700,84.50,86.50,84.50
2017-08-14,86.50,0.00 (0.00 %),0,86.5,86.50,86.50
2017-08-15,85.30,-1.20 (-1.39 %),446,85.50,85.50,84.50
2017-08-16,84.00,-1.30 (-1.52 %),3300,84.6,85.30,80.00
2017-08-17,84.00,0.00 (0.00 %),190,84.00,84.00,84.00
2017-08-18,84.50,0.50 (0.60 %),1000,84.0,84.50,82.50
2017-08-21,83.80,-0.70 (-0.83 %),250,84.00,84.00,83.80
2017-08-22,83.80,0.00 (0.00 %),0,83.8,83.80,83.80
2017-08-23,83.60,-0.20 (-0.24 %),1200,80.90,83.60,80.90
2017-08-24,83.60,0.00 (0.00 %),0,83.6,83.60,83.60
2017-08-25,87.00,3.40 (4.07 %),2400,81.50,87.00,81.50
2017-08-28,85.40,-1.60 (-1.84 %),1100,86.4,86.40,85.40
2017-08-29,83.90,-1.50 (-1.76 %),100,83.90,83.90,83.90
2017-08-30,83.90,0.00 (0.00 %),23,83.9,83.90,83.90
2017-08-31,83.00,-0.90 (-1.07 %),1000,85.00,85.00,81.50
2017-09-01,83.00,0.00 (0.00 %),0,83.0,83.00,83.00
2017-09-05,80.00,-3.00 (-3.61 %),1200,81.50,81.50,80.00
2017-09-06,79.00,-1.00 (-1.25 %),732,79.5,79.50,77.00
2017-09-07,80.80,1.80 (2.28 %),600,81.80,81.80,79.00
2017-09-08,80.90,0.10 (0.12 %),2010,81.9,83.40,79.00
2017-09-11,79.50,-1.40 (-1.73 %),400,82.00,82.00,79.50
2017-09-12,81.80,2.30 (2.89 %),800,75.1,82.80,75.10
2017-09-13,81.80,0.00 (0.00 %),0,81.80,81.80,81.80
2017-09-14,79.50,-2.30 (-2.81 %),432,84.4,84.40,79.50
2017-09-15,82.70,3.20 (4.03 %),280,81.80,82.70,81.80
2017-09-18,78.00,-4.70 (-5.68 %),1344,78.0,78.90,78.00
2017-09-19,79.40,1.40 (1.79 %),1200,76.80,80.90,76.80
2017-09-20,78.90,-0.50 (-0.63 %),205,78.0,78.90,78.00
2017-09-21,78.90,0.00 (0.00 %),2200,81.50,81.50,78.90
2017-09-22,78.60,-0.30 (-0.38 %),1250,82.0,82.00,76.90
2017-09-25,78.90,0.30 (0.38 %),200,79.90,79.90,78.90
2017-09-26,78.90,0.00 (0.00 %),2800,76.9,79.40,76.90
2017-09-27,77.90,-1.00 (-1.27 %),200,77.90,77.90,77.90
2017-09-28,77.30,-0.60 (-0.77 %),2384,76.0,77.30,75.20
2017-09-29,75.50,-1.80 (-2.33 %),600,75.70,75.70,75.10
2017-10-02,76.30,0.80 (1.06 %),784,78.9,78.90,75.00
2017-10-03,73.50,-2.80 (-3.67 %),4396,74.50,75.90,73.50
2017-10-04,73.00,-0.50 (-0.68 %),2158,73.5,73.50,73.00
2017-10-05,71.90,-1.10 (-1.51 %),2100,72.50,72.50,70.00
2017-10-06,73.70,1.80 (2.50 %),2380,72.0,74.80,71.50
2017-10-09,71.90,-1.80 (-2.44 %),176,71.90,71.90,71.90
2017-10-10,72.00,0.10 (0.14 %),1991,74.4,74.40,72.00
2017-10-11,72.90,0.90 (1.25 %),2900,70.00,72.90,69.00
2017-10-12,73.40,0.50 (0.69 %),700,73.8,75.70,72.50
2017-10-13,71.50,-1.90 (-2.59 %),600,68.10,71.50,68.00
2017-10-16,71.90,0.40 (0.56 %),2600,73.0,74.90,66.00
2017-10-17,70.90,-1.00 (-1.39 %),100,70.90,70.90,70.90
2017-10-18,74.00,3.10 (4.37 %),1300,69.9,74.00,69.90
2017-10-19,69.90,-4.10 (-5.54 %),2750,69.90,71.70,69.90
2017-10-20,69.90,0.00 (0.00 %),4641,70.0,70.90,65.90
2017-10-23,69.00,-0.90 (-1.29 %),900,69.00,69.00,68.00
2017-10-24,72.40,3.40 (4.93 %),820,72.8,72.80,69.90
2017-10-25,69.90,-2.50 (-3.45 %),800,69.90,69.90,69.90
2017-10-26,69.50,-0.40 (-0.57 %),100,69.5,69.50,69.50
2017-10-27,69.10,-0.40 (-0.58 %),1100,69.50,69.50,67.50
2017-10-30,69.20,0.10 (0.14 %),100,69.2,69.20,69.20
2017-10-31,69.00,-0.20 (-0.29 %),800,69.00,69.00,65.40
2017-11-01,69.00,0.00 (0.00 %),0,69.0,69.00,69.00
2017-11-02,68.60,-0.40 (-0.58 %),1600,68.90,69.00,66.00
2017-11-03,68.20,-0.40 (-0.58 %),900,66.0,68.20,66.00
2017-11-06,68.10,-0.10 (-0.15 %),1700,67.50,68.10,67.50
2017-11-07,69.50,1.40 (2.06 %),2100,67.0,69.50,67.00
2017-11-08,75.90,6.40 (9.21 %),4900,68.00,76.40,67.90
2017-11-09,79.40,3.50 (4.61 %),2890,76.0,80.00,76.00
2017-11-10,79.40,0.00 (0.00 %),0,79.40,79.40,79.40
2017-11-13,73.80,-5.60 (-7.05 %),8600,74.0,74.00,73.00
2017-11-14,76.90,3.10 (4.20 %),1143,72.50,76.90,72.50
2017-11-15,74.50,-2.40 (-3.12 %),3150,72.1,74.90,72.00
2017-11-16,72.70,-1.80 (-2.42 %),1200,71.80,72.70,71.80
2017-11-17,72.80,0.10 (0.14 %),200,74.5,74.50,72.80
2017-11-20,73.50,0.70 (0.96 %),6500,72.00,77.50,72.00
2017-11-21,73.90,0.40 (0.54 %),2100,71.5,76.90,71.50
2017-11-22,72.00,-1.90 (-2.57 %),2531,71.50,72.00,71.50
2017-11-23,72.00,0.00 (0.00 %),1400,70.5,74.40,70.50
2017-11-24,73.20,1.20 (1.67 %),2500,73.40,73.40,72.00
2017-11-27,73.20,0.00 (0.00 %),1100,71.5,73.20,71.50
2017-11-28,72.40,-0.80 (-1.09 %),1510,72.90,72.90,72.10
2017-11-29,72.00,-0.40 (-0.55 %),4806,71.5,73.50,70.90
2017-11-30,73.10,1.10 (1.53 %),1713,74.40,74.40,70.50
2017-12-01,78.00,4.90 (6.70 %),500,74.0,78.00,74.00
2017-12-04,72.00,-6.00 (-7.69 %),7610,71.80,72.00,71.60
2017-12-05,71.40,-0.60 (-0.83 %),2600,74.0,75.90,70.90
2017-12-06,71.90,0.50 (0.70 %),4000,73.70,73.70,70.90
2017-12-07,70.50,-1.40 (-1.95 %),1006,70.5,70.50,70.50
2017-12-08,70.90,0.40 (0.57 %),3200,70.00,70.90,69.00
2017-12-11,70.70,-0.20 (-0.28 %),100,70.7,70.70,70.70
2017-12-12,69.10,-1.60 (-2.26 %),300,70.70,70.70,69.10
2017-12-13,69.90,0.80 (1.16 %),2100,70.0,70.00,68.90
2017-12-14,70.30,0.40 (0.57 %),11300,72.70,72.70,68.50
2017-12-15,70.90,0.60 (0.85 %),4221,72.4,72.40,68.50
2017-12-18,72.00,1.10 (1.55 %),300,72.00,72.00,72.00
2017-12-19,69.90,-2.10 (-2.92 %),6000,68.4,69.90,68.00
2017-12-20,69.40,-0.50 (-0.72 %),1100,67.60,69.40,67.60
2017-12-21,69.80,0.40 (0.58 %),400,69.8,69.80,69.80
2017-12-22,69.00,-0.80 (-1.15 %),1068,68.10,69.70,68.00
2017-12-25,72.00,3.00 (4.35 %),100,72.0,72.00,72.00
2017-12-26,69.00,-3.00 (-4.17 %),1484,69.00,69.30,67.80
2017-12-27,69.00,0.00 (0.00 %),0,69.0,69.00,69.00
2017-12-28,68.00,-1.00 (-1.45 %),2150,68.00,68.00,67.00
2017-12-29,68.00,0.00 (0.00 %),400,67.5,68.00,67.50
2018-01-02,67.00,-1.00 (-1.47 %),6800,66.50,67.00,65.00
2018-01-03,65.50,-1.50 (-2.24 %),7903,66.0,66.00,65.50
2018-01-04,65.00,-0.50 (-0.76 %),4700,65.40,65.40,64.00
2018-01-05,64.80,-0.20 (-0.31 %),5710,64.7,64.80,64.00
2018-01-08,65.30,0.50 (0.77 %),1700,63.50,65.40,63.50
2018-01-09,67.30,2.00 (3.06 %),5300,65.2,67.30,65.00
2018-01-10,67.00,-0.30 (-0.45 %),600,65.00,69.90,65.00
2018-01-11,67.30,0.30 (0.45 %),900,68.0,68.00,66.00
2018-01-12,67.00,-0.30 (-0.45 %),200,65.10,67.00,65.10
2018-01-15,67.00,0.00 (0.00 %),1300,69.4,69.40,67.00
2018-01-16,67.50,0.50 (0.75 %),9635,67.00,67.50,67.00
2018-01-17,66.00,-1.50 (-2.22 %),1869,67.5,67.50,66.00
2018-01-18,66.00,0.00 (0.00 %),1449,66.90,66.90,65.20
2018-01-19,66.80,0.80 (1.21 %),1701,68.0,68.00,65.50
2018-01-22,65.50,-1.30 (-1.95 %),2100,68.00,68.00,65.50
2018-01-23,67.50,2.00 (3.05 %),500,67.3,67.60,67.00
2018-01-24,68.00,0.50 (0.74 %),704,68.00,69.30,67.00
2018-01-25,66.00,-2.00 (-2.94 %),400,67.0,67.50,66.00
2018-01-26,66.50,0.50 (0.76 %),910,65.10,66.50,65.00
2018-01-29,65.80,-0.70 (-1.05 %),910,68.4,68.40,65.00
2018-01-30,66.90,1.10 (1.67 %),300,65.00,66.90,65.00
2018-01-31,65.40,-1.50 (-2.24 %),800,65.8,65.80,65.40
2018-02-01,65.00,-0.40 (-0.61 %),3100,65.20,65.20,65.00
2018-02-02,64.00,-1.00 (-1.54 %),500,64.0,64.00,64.00
2018-02-05,63.10,-0.90 (-1.41 %),3112,65.00,65.00,63.00
2018-02-06,60.00,-3.10 (-4.91 %),3700,63.0,65.30,57.00
2018-02-07,62.50,2.50 (4.17 %),2500,60.00,62.60,60.00
2018-02-08,62.40,-0.10 (-0.16 %),1700,61.0,62.40,61.00
2018-02-09,64.30,1.90 (3.04 %),101,64.30,64.30,64.30
2018-02-12,64.00,-0.30 (-0.47 %),2000,64.2,66.40,58.20
2018-02-13,69.90,5.90 (9.22 %),2900,63.40,70.00,62.90
2018-02-21,69.90,0.00 (0.00 %),0,69.9,69.90,69.90
2018-02-22,69.70,-0.20 (-0.29 %),700,67.90,69.70,67.90
2018-02-23,69.20,-0.50 (-0.72 %),500,67.9,69.20,67.90
2018-02-26,68.00,-1.20 (-1.73 %),400,68.40,68.40,68.00
2018-02-27,64.50,-3.50 (-5.15 %),2900,66.9,68.80,64.50
2018-02-28,66.70,2.20 (3.41 %),100,66.70,66.70,66.70
2018-03-01,66.30,-0.40 (-0.60 %),584,64.9,66.30,61.20
2018-03-02,66.30,0.00 (0.00 %),50,66.30,66.30,66.30
2018-03-05,65.00,-1.30 (-1.96 %),4400,66.5,66.50,65.00
2018-03-06,71.40,6.40 (9.85 %),300,70.00,71.40,70.00
2018-03-07,65.10,-6.30 (-8.82 %),101,65.1,65.10,65.10
2018-03-08,65.50,0.40 (0.61 %),200,64.90,65.50,64.90
2018-03-09,65.90,0.40 (0.61 %),204,65.9,65.90,65.90
2018-03-12,65.00,-0.90 (-1.37 %),200,65.00,65.00,65.00
2018-03-13,66.10,1.10 (1.69 %),400,68.7,68.70,65.00
2018-03-14,66.10,0.00 (0.00 %),70,66.10,66.10,66.10
2018-03-15,68.50,2.40 (3.63 %),101,68.5,68.50,68.50
2018-03-16,66.20,-2.30 (-3.36 %),1800,64.20,66.20,64.00
2018-03-19,66.20,0.00 (0.00 %),90,66.2,66.20,66.20
2018-03-20,65.00,-1.20 (-1.81 %),318,66.00,66.00,65.00
2018-03-21,65.00,0.00 (0.00 %),857,65.0,65.00,65.00
2018-03-22,64.00,0.40 (0.63 %),1560,64.00,64.00,64.00
2018-03-23,64.00,0.00 (0.00 %),0,64.0,64.00,64.00
2018-03-26,64.00,0.00 (0.00 %),403,64.00,64.00,63.00
2018-03-27,64.00,0.00 (0.00 %),10,64.0,64.00,64.00
2018-03-28,63.50,-0.50 (-0.78 %),200,63.50,63.50,63.50
2018-03-29,64.00,0.50 (0.79 %),300,67.8,67.80,62.50
2018-03-30,66.00,2.00 (3.13 %),200,65.00,66.00,65.00
2018-04-02,63.30,-2.70 (-4.09 %),100,63.3,63.30,63.30
2018-04-03,64.00,0.70 (1.11 %),500,66.80,66.80,63.10
2018-04-04,63.00,-1.00 (-1.56 %),3100,63.0,63.00,62.00
2018-04-05,63.00,0.00 (0.00 %),0,63.00,63.00,63.00
2018-04-06,63.90,0.90 (1.43 %),100,63.9,63.90,63.90
2018-04-09,63.90,0.00 (0.00 %),0,63.90,63.90,63.90
2018-04-10,63.90,0.00 (0.00 %),0,63.9,63.90,63.90
2018-04-11,63.90,0.00 (0.00 %),0,63.90,63.90,63.90
2018-04-12,63.60,-0.30 (-0.47 %),200,62.0,63.60,62.00
2018-04-13,62.00,-1.60 (-2.52 %),1440,63.00,63.00,62.00
2018-04-16,61.50,-0.50 (-0.81 %),3040,61.6,61.60,61.00
2018-04-17,61.70,0.20 (0.33 %),1100,62.40,62.40,61.70
2018-04-18,59.00,-2.70 (-4.38 %),3450,60.5,60.50,59.00
2018-04-19,59.70,0.70 (1.19 %),1900,60.60,60.60,57.00
2018-04-20,61.30,1.60 (2.68 %),1100,61.3,61.30,59.50
2018-04-23,59.90,-1.40 (-2.28 %),1303,58.50,59.90,58.50
2018-04-24,57.00,-2.90 (-4.84 %),4100,57.0,57.00,54.00
2018-04-26,56.50,-0.50 (-0.88 %),3300,54.10,56.80,53.30
2018-04-27,60.00,3.50 (6.19 %),8800,57.5,62.10,56.50
2018-05-02,55.00,-5.00 (-8.33 %),19510,55.10,59.00,55.00
2018-05-03,55.00,0.00 (0.00 %),4863,55.0,55.00,54.00
2018-05-04,54.00,-1.00 (-1.82 %),13400,54.00,54.00,54.00
2018-05-07,54.00,0.00 (0.00 %),80350,54.0,57.40,54.00
2018-05-08,54.00,0.00 (0.00 %),77732,59.40,59.40,53.70
2018-05-09,55.00,1.00 (1.85 %),13600,58.0,59.20,53.80
2018-05-10,53.70,-1.30 (-2.36 %),81769,54.00,54.00,53.70
2018-05-11,54.50,0.80 (1.49 %),43800,55.9,55.90,53.50
2018-05-14,56.60,2.10 (3.85 %),601,54.70,57.00,54.70
2018-05-15,54.00,-2.60 (-4.59 %),1307,54.5,54.50,54.00
2018-05-16,53.80,-0.20 (-0.37 %),148600,54.00,55.00,53.80
2018-05-17,53.80,0.00 (0.00 %),4630,55.5,55.50,53.80
2018-05-18,54.40,0.60 (1.12 %),5357,56.00,56.00,54.20
2018-05-21,56.40,2.00 (3.68 %),1200,57.0,57.00,55.00
2018-05-22,56.30,-0.10 (-0.18 %),4700,57.00,57.00,55.20
2018-05-23,56.70,0.40 (0.71 %),20900,55.2,57.00,55.00
2018-05-24,56.30,-0.40 (-0.71 %),2130,58.90,59.90,56.20
2018-05-25,58.80,2.50 (4.44 %),700,59.5,59.50,55.30
2018-05-28,59.50,0.70 (1.19 %),285,59.70,59.70,59.50
2018-05-29,58.80,-0.70 (-1.18 %),2300,56.0,59.40,55.80
2018-05-30,58.70,-0.10 (-0.17 %),300,59.40,59.40,56.00
2018-05-31,62.80,4.10 (6.98 %),4000,56.4,64.00,56.30
2018-06-01,64.90,2.10 (3.34 %),2700,63.80,69.00,57.40
2018-06-04,63.90,-1.00 (-1.54 %),22237,68.9,68.90,58.50
2018-06-05,60.00,-3.90 (-6.10 %),3130,58.20,60.00,58.20
2018-06-06,59.70,-0.30 (-0.50 %),1600,62.4,62.40,59.70
2018-06-07,59.70,0.00 (0.00 %),0,59.70,59.70,59.70
2018-06-08,58.00,-1.70 (-2.85 %),212,58.0,58.00,58.00
2018-06-11,58.00,0.00 (0.00 %),216,61.00,61.00,58.00
2018-06-12,60.50,2.50 (4.31 %),100,60.5,60.50,60.50
2018-06-13,60.50,0.00 (0.00 %),0,60.50,60.50,60.50
2018-06-14,56.90,-3.60 (-5.95 %),2200,56.1,59.50,56.00
2018-06-15,57.10,0.20 (0.35 %),10402,56.90,57.10,56.00
2018-06-18,57.50,0.40 (0.70 %),2300,57.0,57.50,56.10
2018-06-19,57.50,0.00 (0.00 %),1800,56.10,57.50,56.10
2018-06-20,57.30,-0.20 (-0.35 %),9300,57.0,57.50,56.00
2018-06-21,57.00,-0.30 (-0.52 %),200,56.60,57.00,56.60
2018-06-22,57.00,0.00 (0.00 %),503,56.2,57.80,56.20
2018-06-25,58.50,1.50 (2.63 %),2200,58.00,59.90,56.20
2018-06-26,57.80,-0.70 (-1.20 %),306,58.0,58.00,57.80
2018-06-27,58.50,0.70 (1.21 %),100,58.50,58.50,58.50
2018-06-28,62.80,4.30 (7.35 %),2900,59.7,62.90,57.80
2018-06-29,63.90,1.10 (1.75 %),869,62.40,63.90,62.40
2018-07-02,61.50,-2.40 (-3.76 %),110,61.5,61.50,61.50
2018-07-03,60.00,-1.50 (-2.44 %),500,56.10,62.00,56.10
2018-07-04,60.50,0.50 (0.83 %),100,60.5,60.50,60.50
2018-07-05,60.50,0.00 (0.00 %),0,60.50,60.50,60.50
2018-07-06,59.40,-1.10 (-1.82 %),2622,56.3,59.50,56.30
2018-07-09,59.40,0.00 (0.00 %),79,59.40,59.40,59.40
2018-07-10,59.40,0.00 (0.00 %),0,59.4,59.40,59.40
2018-07-11,60.00,0.60 (1.01 %),8600,56.30,60.00,54.70
2018-07-12,58.90,-1.10 (-1.83 %),200,58.9,58.90,58.90
2018-07-13,58.90,0.00 (0.00 %),10,58.90,58.90,58.90
2018-07-16,57.40,-1.50 (-2.55 %),2200,58.0,58.00,56.50
2018-07-17,57.50,0.10 (0.17 %),1722,59.40,59.40,56.70
2018-07-18,57.00,-0.50 (-0.87 %),832,56.8,57.00,56.80
2018-07-19,57.90,0.90 (1.58 %),38900,57.20,58.80,57.00
2018-07-20,57.00,-0.90 (-1.55 %),4000,58.9,58.90,57.00
2018-07-23,57.90,0.90 (1.58 %),12200,59.00,59.00,57.00
2018-07-24,58.40,0.50 (0.86 %),200,57.0,58.40,57.00
2018-07-25,58.40,0.00 (0.00 %),0,58.40,58.40,58.40
2018-07-26,57.20,-1.20 (-2.05 %),700,57.2,57.20,57.20
2018-07-27,57.90,0.70 (1.22 %),1300,56.90,57.90,56.90
2018-07-30,57.50,-0.40 (-0.69 %),1000,57.5,57.50,57.50
2018-07-31,57.50,0.00 (0.00 %),1000,57.50,57.80,57.80
2018-08-01,57.40,-0.40 (-0.69 %),1500,57.4,57.40,57.40
2018-08-02,57.40,0.00 (0.00 %),0,57.40,57.40,57.40
2018-08-03,58.50,1.10 (1.92 %),250,58.5,58.50,58.50
2018-08-06,58.30,-0.20 (-0.34 %),3018,58.00,58.30,57.50
2018-08-07,58.10,-0.20 (-0.34 %),1100,58.0,58.50,58.00
2018-08-08,58.20,0.10 (0.17 %),622,58.20,58.20,58.20
2018-08-09,58.00,-0.20 (-0.34 %),2400,58.0,59.80,58.00
2018-08-10,58.10,0.10 (0.17 %),2200,59.80,59.80,58.10
2018-08-13,58.20,0.10 (0.17 %),9600,59.8,59.80,58.10
2018-08-14,57.80,0.60 (1.05 %),110,57.80,57.80,57.80
2018-08-15,57.60,-0.20 (-0.35 %),2000,56.0,59.90,56.00
2018-08-16,58.60,1.00 (1.74 %),102,58.60,58.60,58.60
2018-08-17,59.80,1.20 (2.05 %),300,59.0,59.80,59.00
2018-08-20,57.80,-2.00 (-3.34 %),130,57.80,57.80,57.80
2018-08-21,58.10,0.30 (0.52 %),400,59.4,59.40,58.10
2018-08-22,59.60,1.50 (2.58 %),4366,58.20,59.70,58.20
2018-08-23,58.40,-1.20 (-2.01 %),120,58.4,58.40,58.40
2018-08-24,59.70,1.30 (2.23 %),600,58.50,59.70,58.50
2018-08-27,59.60,-0.10 (-0.17 %),197,59.6,59.60,59.60
2018-08-28,59.50,-0.10 (-0.17 %),3146,58.50,59.50,57.70
2018-08-29,59.30,-0.20 (-0.34 %),700,58.1,59.30,58.10
2018-08-30,59.30,0.00 (0.00 %),1720,58.20,59.30,58.20
2018-08-31,59.20,-0.10 (-0.17 %),187,59.2,59.20,59.20
2018-09-04,59.20,0.00 (0.00 %),33,59.20,59.20,59.20
2018-09-05,59.50,0.30 (0.51 %),3220,59.0,59.60,59.00
2018-09-06,59.20,-0.30 (-0.50 %),1050,59.20,59.20,59.20
2018-09-07,59.20,0.00 (0.00 %),0,59.2,59.20,59.20
2018-09-10,59.20,0.00 (0.00 %),10,59.20,59.20,59.20
2018-09-11,59.00,-0.20 (-0.34 %),450,57.5,59.00,57.40
2018-09-12,57.50,-1.50 (-2.54 %),4001,57.50,57.50,57.50
2018-09-13,59.00,1.50 (2.61 %),200,59.7,59.70,59.00
2018-09-14,59.00,0.00 (0.00 %),5000,59.00,59.00,59.00
2018-09-17,57.10,-1.90 (-3.22 %),10400,58.0,58.00,57.10
2018-09-18,59.00,1.90 (3.33 %),3138,59.20,59.20,58.00
2018-09-19,59.00,0.00 (0.00 %),0,59.0,59.00,59.00
2018-09-20,58.50,-0.50 (-0.85 %),1000,58.50,59.00,58.50
2018-09-21,58.90,0.40 (0.68 %),1300,58.5,58.90,56.90
2018-09-24,59.00,0.10 (0.17 %),1517,58.90,59.00,58.90
2018-09-25,63.90,4.90 (8.31 %),1200,59.0,63.90,59.00
2018-09-26,67.00,3.10 (4.85 %),2453,57.70,67.00,57.70
2018-09-27,63.90,-3.10 (-4.63 %),1000,64.7,66.90,60.40
2018-09-28,64.00,0.10 (0.16 %),1100,66.90,66.90,64.00
2018-10-01,63.90,-0.10 (-0.16 %),1300,63.9,65.90,63.90
2018-10-02,64.00,0.10 (0.16 %),2620,63.00,65.00,59.70
2018-10-03,62.90,-1.10 (-1.72 %),1800,63.0,63.00,60.00
2018-10-04,62.80,-0.10 (-0.16 %),203,60.00,62.80,60.00
2018-10-05,62.50,-0.30 (-0.48 %),903,60.3,62.90,60.30
2018-10-08,62.50,0.00 (0.00 %),500,64.80,64.80,62.50
2018-10-09,67.60,5.10 (8.16 %),300,67.6,67.60,67.60
2018-10-10,64.00,-3.60 (-5.33 %),1500,60.90,67.50,60.90
2018-10-11,62.00,-2.00 (-3.13 %),3400,61.0,64.40,57.70
2018-10-12,62.00,0.00 (0.00 %),1400,61.80,62.00,61.80
2018-10-15,62.00,0.00 (0.00 %),0,62.0,62.00,62.00
2018-10-16,62.00,0.00 (0.00 %),10,62.00,62.00,62.00
2018-10-17,62.90,0.90 (1.45 %),100,62.9,62.90,62.90
2018-10-18,61.00,-1.90 (-3.02 %),707,62.00,62.00,61.00
2018-10-19,61.00,0.00 (0.00 %),1300,63.0,63.00,61.00
2018-10-22,63.00,2.00 (3.28 %),900,62.80,63.00,61.90
2018-10-23,62.90,-0.10 (-0.16 %),1600,63.0,63.00,58.80
2018-10-24,62.90,0.00 (0.00 %),2200,62.00,62.90,58.70
2018-10-25,62.70,-0.20 (-0.32 %),200,58.8,62.70,58.80
2018-10-26,62.70,0.00 (0.00 %),0,62.70,62.70,62.70
2018-10-29,63.40,0.70 (1.12 %),1400,59.0,63.40,58.80
2018-10-30,62.80,-0.60 (-0.95 %),2500,63.40,63.40,58.80
2018-10-31,60.90,-1.90 (-3.03 %),1510,62.0,62.00,60.00
2018-11-01,61.80,0.90 (1.48 %),2800,61.00,62.40,60.00
2018-11-02,61.70,-0.10 (-0.16 %),400,60.0,61.70,60.00
2018-11-05,61.70,0.00 (0.00 %),0,61.70,61.70,61.70
2018-11-06,61.70,0.00 (0.00 %),0,61.7,61.70,61.70
2018-11-07,60.90,-0.80 (-1.30 %),1700,62.80,62.80,60.00
2018-11-08,60.00,-0.90 (-1.48 %),2784,60.9,60.90,59.00
2018-11-09,60.00,0.00 (0.00 %),1300,59.20,60.00,59.00
2018-11-12,60.00,0.00 (0.00 %),1900,61.9,61.90,58.70
2018-11-13,59.90,-0.10 (-0.17 %),600,61.90,61.90,59.20
2018-11-14,60.00,0.10 (0.17 %),800,60.9,60.90,59.20
2018-11-15,60.00,0.00 (0.00 %),800,59.20,60.00,59.20
2018-11-16,60.00,0.00 (0.00 %),700,59.2,60.00,59.10
2018-11-19,61.40,1.40 (2.33 %),194,61.40,61.40,61.40
2018-11-20,61.20,-0.20 (-0.33 %),200,55.3,61.20,55.30
2018-11-21,59.70,-1.50 (-2.45 %),2400,61.10,61.10,57.00
2018-11-22,59.80,0.10 (0.17 %),200,60.9,60.90,59.80
2018-11-23,58.40,-1.40 (-2.34 %),1200,57.40,58.50,57.00
2018-11-26,58.70,0.30 (0.51 %),1900,58.4,58.70,58.40
2018-11-27,58.20,-0.50 (-0.85 %),2400,58.40,58.70,57.20
2018-11-28,57.90,-0.30 (-0.52 %),1860,58.3,58.30,57.90
2018-11-29,60.90,3.00 (5.18 %),4700,57.90,62.00,57.80
2018-11-30,61.60,0.70 (1.15 %),5450,57.9,62.00,57.90
2018-12-03,61.00,-0.60 (-0.97 %),1068,59.90,61.00,59.00
2018-12-04,61.00,0.00 (0.00 %),68,61.0,61.00,61.00
2018-12-05,59.90,-1.10 (-1.80 %),1900,58.80,59.90,58.80
2018-12-06,59.80,-0.10 (-0.17 %),1737,59.9,59.90,59.80
2018-12-07,58.50,-1.30 (-2.17 %),1293,58.80,59.60,58.50
2018-12-10,58.20,-0.30 (-0.51 %),2020,58.5,58.50,58.20
2018-12-11,58.10,-0.10 (-0.17 %),1400,58.20,59.30,58.10
2018-12-12,58.70,0.60 (1.03 %),1200,55.6,59.80,55.60
2018-12-13,58.20,-0.50 (-0.85 %),3393,58.00,58.20,57.00
2018-12-14,58.30,0.10 (0.17 %),1100,57.3,58.40,57.20
2018-12-17,57.40,-0.90 (-1.54 %),1710,58.30,58.30,57.40
2018-12-18,57.40,0.00 (0.00 %),1300,57.4,57.40,57.30
2018-12-19,56.80,-0.60 (-1.05 %),6790,58.20,58.20,56.80
2018-12-20,56.80,0.00 (0.00 %),3073,57.4,58.40,56.80
2018-12-21,56.80,0.00 (0.00 %),1300,58.20,58.20,56.80
2018-12-24,57.60,0.80 (1.41 %),800,58.3,58.30,56.60
2018-12-25,56.50,-1.10 (-1.91 %),1250,56.60,56.60,56.50
2018-12-26,56.80,0.30 (0.53 %),720,56.5,56.80,55.30
2018-12-27,57.00,0.20 (0.35 %),323,57.00,57.00,57.00
2018-12-28,56.70,-0.30 (-0.53 %),300,56.0,56.70,56.00
2019-01-02,56.70,0.00 (0.00 %),0,56.70,56.70,56.70
2019-01-03,56.00,-0.70 (-1.23 %),1800,56.1,56.10,55.10
2019-01-04,56.30,0.30 (0.54 %),1000,56.00,56.30,56.00
2019-01-07,56.20,-0.10 (-0.18 %),1720,55.1,56.90,55.10
2019-01-08,55.80,-0.40 (-0.71 %),973,56.00,56.00,55.80
2019-01-09,56.00,0.20 (0.36 %),7520,55.9,56.00,55.80
2019-01-10,55.80,-0.20 (-0.36 %),1764,55.90,55.90,55.80
2019-01-11,56.30,0.50 (0.90 %),110,56.3,56.30,56.30
2019-01-14,56.40,0.10 (0.18 %),700,55.20,56.40,55.20
2019-01-15,56.00,-0.40 (-0.71 %),100,56.0,56.00,56.00
2019-01-16,56.00,0.00 (0.00 %),0,56.00,56.00,56.00
2019-01-17,55.60,-0.40 (-0.71 %),1210,55.6,55.60,55.60
2019-01-18,55.60,0.00 (0.00 %),200,55.60,55.60,55.60
2019-01-21,55.60,0.00 (0.00 %),0,55.6,55.60,55.60
2019-01-22,55.10,-0.50 (-0.90 %),1000,55.20,55.20,55.10
2019-01-23,55.10,0.00 (0.00 %),0,55.1,55.10,55.10
2019-01-24,55.90,0.80 (1.45 %),134,55.90,55.90,55.90
2019-01-25,55.90,0.00 (0.00 %),0,55.9,55.90,55.90
2019-01-28,56.80,0.90 (1.61 %),3500,55.40,56.80,55.40
2019-01-29,56.80,0.00 (0.00 %),4100,56.8,56.80,56.80
2019-01-30,56.90,0.10 (0.18 %),8200,56.80,56.90,56.80
2019-01-31,56.90,0.00 (0.00 %),0,56.9,56.90,56.90
2019-02-01,56.90,0.00 (0.00 %),4500,56.90,56.90,56.90
2019-02-11,56.90,0.00 (0.00 %),21000,56.9,56.90,56.90
2019-02-12,58.90,2.00 (3.51 %),100,58.90,58.90,58.90
2019-02-13,58.90,0.00 (0.00 %),0,58.9,58.90,58.90
2019-02-14,58.90,0.00 (0.00 %),0,58.90,58.90,58.90
2019-02-15,58.90,0.00 (0.00 %),1000,57.0,58.90,56.90
2019-02-18,58.90,0.00 (0.00 %),0,58.90,58.90,58.90
2019-02-19,58.90,0.00 (0.00 %),200,57.0,58.90,57.00
2019-02-20,58.90,0.00 (0.00 %),0,58.90,58.90,58.90
2019-02-21,58.90,0.00 (0.00 %),0,58.9,58.90,58.90
2019-02-22,58.90,0.00 (0.00 %),0,58.90,58.90,58.90
2019-02-25,59.00,0.10 (0.17 %),5700,57.0,59.00,57.00
2019-02-26,58.50,-0.50 (-0.85 %),100,58.50,58.50,58.50
2019-02-27,58.50,0.00 (0.00 %),0,58.5,58.50,58.50
2019-02-28,59.80,1.30 (2.22 %),1200,59.00,59.90,59.00
2019-03-01,59.80,0.00 (0.00 %),1208,59.8,59.80,59.80
2019-03-04,57.20,-2.60 (-4.35 %),1200,57.50,59.70,57.00
2019-03-05,58.40,1.20 (2.10 %),300,62.7,62.70,57.20
2019-03-06,59.20,0.80 (1.37 %),101,59.20,59.20,59.20
2019-03-07,59.70,0.50 (0.84 %),200,59.5,59.70,59.50
2019-03-08,57.10,-2.60 (-4.36 %),203,57.60,57.60,57.10
2019-03-11,60.70,3.60 (6.30 %),200,61.0,61.00,60.70
2019-03-12,60.00,-0.70 (-1.15 %),500,60.00,60.00,60.00
2019-03-13,60.00,0.00 (0.00 %),610,59.4,61.50,59.40
2019-03-14,60.00,0.00 (0.00 %),600,61.40,61.40,60.00
2019-03-15,60.00,0.00 (0.00 %),7143,60.0,62.00,58.90
2019-03-18,61.50,1.50 (2.50 %),636,60.00,61.80,60.00
2019-03-19,61.00,-0.50 (-0.81 %),431,61.0,61.00,61.00
2019-03-20,62.00,1.00 (1.64 %),5090,62.00,62.90,60.00
2019-03-21,61.00,0.40 (0.66 %),960,61.9,61.90,60.00
2019-03-22,61.40,0.40 (0.66 %),1297,61.00,61.40,60.50
2019-03-25,60.90,-0.50 (-0.81 %),20802,61.1,62.00,60.90
2019-03-26,62.00,1.10 (1.81 %),2900,62.50,64.80,60.90
2019-03-27,62.50,0.50 (0.81 %),732,61.1,62.50,61.10
2019-03-28,61.80,-0.70 (-1.12 %),2100,64.60,64.90,61.70
2019-03-29,62.90,1.10 (1.78 %),4200,62.5,62.90,61.80
2019-04-01,61.90,-1.00 (-1.59 %),2810,65.90,65.90,61.90
2019-04-02,61.90,0.00 (0.00 %),1957,65.7,65.70,61.90
2019-04-03,61.80,-0.10 (-0.16 %),5100,65.50,65.50,61.80
2019-04-04,58.00,-3.80 (-6.15 %),11000,61.8,61.80,58.00
2019-04-05,62.90,4.90 (8.45 %),9800,63.40,63.40,60.00
2019-04-08,61.00,-1.90 (-3.02 %),4900,61.0,63.00,61.00
2019-04-09,62.00,1.00 (1.64 %),343,63.00,63.00,61.10
2019-04-10,62.80,0.80 (1.29 %),3140,65.8,65.80,61.50
2019-04-11,62.00,-0.80 (-1.27 %),3103,62.80,62.80,62.00
2019-04-12,61.50,-0.50 (-0.81 %),12866,65.4,65.40,60.00
2019-04-16,61.80,0.30 (0.49 %),1600,65.80,66.90,61.80
2019-04-17,61.90,0.10 (0.16 %),14100,63.0,63.00,61.90
2019-04-18,62.00,0.10 (0.16 %),7100,65.60,65.60,62.00
2019-04-19,62.80,0.80 (1.29 %),2300,62.0,62.80,62.00
2019-04-22,61.00,-1.80 (-2.87 %),1301,58.10,65.90,58.10
2019-04-23,61.80,0.80 (1.31 %),203,61.8,61.80,61.80
2019-04-24,61.80,0.00 (0.00 %),100,61.80,61.80,61.80
2019-04-25,61.80,0.00 (0.00 %),4892,61.4,62.90,61.40
2019-04-26,62.30,0.50 (0.81 %),500,62.90,62.90,61.90
2019-05-02,62.70,0.40 (0.64 %),6902,62.0,62.70,62.00
2019-05-03,62.40,-0.30 (-0.48 %),220,62.40,62.40,62.40
2019-05-06,60.50,-1.90 (-3.04 %),700,58.1,63.90,58.10
2019-05-07,60.80,0.30 (0.50 %),1500,62.90,62.90,60.60
2019-05-08,62.00,1.20 (1.97 %),100,62.0,62.00,62.00
2019-05-09,61.80,-0.20 (-0.32 %),700,59.00,62.40,59.00
2019-05-10,62.00,0.20 (0.32 %),602,56.1,62.40,56.10
2019-05-13,62.40,0.40 (0.65 %),3136,58.60,63.00,58.60
2019-05-14,62.80,0.40 (0.64 %),200,58.6,62.80,58.60
2019-05-15,60.50,-2.30 (-3.66 %),300,58.60,62.10,58.60
2019-05-16,60.50,0.00 (0.00 %),600,58.8,60.50,58.80
2019-05-17,61.60,1.10 (1.82 %),300,59.10,61.60,59.10
2019-05-20,61.70,0.10 (0.16 %),346,55.5,61.90,55.50
2019-05-21,61.60,-0.10 (-0.16 %),1800,57.60,61.60,57.60
2019-05-22,62.10,0.50 (0.81 %),900,58.6,63.00,58.60
2019-05-23,62.00,-0.10 (-0.16 %),1503,58.80,62.00,58.80
2019-05-24,61.90,-0.10 (-0.16 %),200,58.6,61.90,58.60
2019-05-27,61.70,-0.20 (-0.32 %),3800,58.60,61.80,58.60
2019-05-28,61.70,0.00 (0.00 %),300,58.7,61.70,58.70
2019-05-29,61.00,-0.70 (-1.13 %),6500,58.80,61.00,58.80
2019-05-30,60.50,-0.50 (-0.82 %),3720,58.6,62.80,58.60
2019-05-31,62.00,1.50 (2.48 %),1210,59.00,63.00,59.00
2019-06-03,61.80,-0.20 (-0.32 %),1410,58.6,61.80,58.60
2019-06-04,61.90,0.10 (0.16 %),803,59.00,61.90,59.00
2019-06-05,61.70,-0.20 (-0.32 %),800,59.1,61.80,59.10
2019-06-06,61.70,0.00 (0.00 %),210,58.60,61.70,58.60
2019-06-07,62.10,0.40 (0.65 %),880,59.0,62.20,59.00
2019-06-10,60.50,-1.60 (-2.58 %),968,59.20,60.50,59.20
2019-06-11,61.90,1.40 (2.31 %),1800,59.1,61.90,59.10
2019-06-12,61.70,-0.20 (-0.32 %),510,59.30,61.70,59.30
2019-06-13,61.60,-0.10 (-0.16 %),200,61.6,61.60,61.60
2019-06-14,61.50,-0.10 (-0.16 %),400,61.40,61.50,61.40
2019-06-17,61.30,-0.20 (-0.33 %),1205,60.1,61.30,60.10
2019-06-18,61.30,0.00 (0.00 %),2400,62.10,62.10,60.50
2019-06-19,61.40,0.10 (0.16 %),6388,61.5,61.70,60.50
2019-06-20,61.50,0.10 (0.16 %),4164,61.00,61.50,61.00
2019-06-21,61.70,0.20 (0.33 %),8336,60.5,61.70,60.50
2019-06-24,61.70,0.00 (0.00 %),0,61.70,61.70,61.70
2019-06-25,61.00,-0.70 (-1.13 %),100,61.0,61.00,61.00
2019-06-26,64.80,3.80 (6.23 %),1400,60.80,64.80,60.80
2019-06-27,62.70,-2.10 (-3.24 %),1564,60.5,64.90,60.50
2019-06-28,62.50,-0.20 (-0.32 %),1010,66.60,66.60,61.10
2019-07-01,62.50,0.00 (0.00 %),8569,65.8,65.80,61.20
2019-07-02,62.50,0.00 (0.00 %),4400,62.00,62.50,61.20
2019-07-03,62.00,-0.50 (-0.80 %),1200,62.0,62.00,62.00
2019-07-04,62.60,0.60 (0.97 %),600,62.00,65.90,61.00
2019-07-05,62.80,0.20 (0.32 %),2174,61.2,62.80,61.20
2019-07-08,62.80,0.00 (0.00 %),1,62.80,62.80,62.80
2019-07-09,62.80,0.00 (0.00 %),400,65.8,65.80,61.30
2019-07-10,62.80,0.00 (0.00 %),200,61.70,62.80,61.70
2019-07-11,62.80,0.00 (0.00 %),422,65.8,65.80,61.30
2019-07-12,62.80,0.00 (0.00 %),0,62.80,62.80,62.80
2019-07-15,62.70,-0.10 (-0.16 %),1485,61.8,62.70,61.70
2019-07-16,62.70,0.00 (0.00 %),303,61.80,62.70,61.80
2019-07-17,62.70,0.00 (0.00 %),0,62.7,62.70,62.70
2019-07-18,62.70,0.00 (0.00 %),270,61.80,62.70,61.80
2019-07-19,62.70,0.00 (0.00 %),200,61.8,62.70,61.80
2019-07-22,62.80,0.10 (0.16 %),300,65.60,65.60,61.80
2019-07-23,62.80,0.00 (0.00 %),95,62.8,62.80,62.80
2019-07-24,62.70,-0.10 (-0.16 %),355,61.00,62.70,61.00
2019-07-25,62.70,0.00 (0.00 %),0,62.7,62.70,62.70
2019-07-26,62.70,0.00 (0.00 %),0,62.70,62.70,62.70
2019-07-29,62.80,0.10 (0.16 %),584,61.2,62.80,61.20
2019-07-30,62.80,0.00 (0.00 %),300,65.60,65.60,61.50
2019-07-31,62.80,0.00 (0.00 %),92,62.8,62.80,62.80
2019-08-01,62.80,0.00 (0.00 %),100,62.80,62.80,62.80
2019-08-02,60.60,-1.20 (-1.94 %),27278,63.0,63.00,60.60
2019-08-05,61.40,0.80 (1.32 %),1600,62.00,62.00,60.10
2019-08-06,60.70,-0.70 (-1.14 %),3640,60.7,61.80,60.70
2019-08-07,61.90,1.20 (1.98 %),784,61.80,61.90,60.70
2019-08-08,61.80,-0.10 (-0.16 %),60948,61.8,61.80,61.80
2019-08-09,61.50,-0.30 (-0.49 %),4000,60.90,61.50,60.90
2019-08-12,60.70,-0.80 (-1.30 %),2500,60.7,61.00,60.70
2019-08-13,60.30,-0.40 (-0.66 %),1500,61.90,61.90,60.00
2019-08-14,60.50,0.20 (0.33 %),1200,61.9,61.90,60.50
2019-08-15,61.80,1.30 (2.15 %),3520,61.90,61.90,60.00
2019-08-16,61.50,-0.30 (-0.49 %),2200,62.1,62.10,60.00
2019-08-19,61.70,0.20 (0.33 %),900,60.50,61.70,60.50
2019-08-20,61.70,0.00 (0.00 %),400,60.5,61.70,60.50
2019-08-21,61.70,0.00 (0.00 %),0,61.70,61.70,61.70
2019-08-22,61.70,0.00 (0.00 %),800,60.5,61.70,60.50
2019-08-23,61.70,0.00 (0.00 %),3,61.70,61.70,61.70
2019-08-26,61.50,-0.20 (-0.32 %),1700,60.5,61.50,60.50
2019-08-27,61.50,0.00 (0.00 %),0,61.50,61.50,61.50
2019-08-28,61.50,0.00 (0.00 %),0,61.5,61.50,61.50
2019-08-29,61.60,0.10 (0.16 %),3320,60.30,61.60,60.30
2019-08-30,63.40,1.80 (2.92 %),4800,61.8,64.90,60.30
2019-09-03,62.00,-1.40 (-2.21 %),1126,64.50,64.50,60.90
2019-09-04,61.40,-0.60 (-0.97 %),9364,62.0,64.90,60.80
2019-09-05,61.40,0.00 (0.00 %),220,60.50,61.40,60.50
2019-09-06,61.30,-0.10 (-0.16 %),7000,60.6,61.30,60.50
2019-09-09,61.30,0.00 (0.00 %),968,60.40,61.30,60.30
2019-09-10,61.30,0.00 (0.00 %),0,61.3,61.30,61.30
2019-09-11,61.30,0.00 (0.00 %),1,61.30,61.30,61.30
2019-09-12,61.10,-0.20 (-0.33 %),101,61.1,61.10,61.10
2019-09-13,62.20,1.10 (1.80 %),2000,60.30,62.50,60.30
2019-09-16,61.00,-1.20 (-1.93 %),213,61.0,61.00,61.00
2019-09-17,61.90,0.90 (1.48 %),300,64.20,64.20,60.40
2019-09-18,60.30,-1.60 (-2.58 %),600,60.4,60.40,60.30
2019-09-19,60.90,0.60 (1.00 %),1221,60.30,60.90,60.00
2019-09-20,60.30,-0.60 (-0.99 %),700,60.3,60.30,60.30
2019-09-23,60.80,0.50 (0.83 %),1200,60.00,60.80,60.00
2019-09-24,60.60,-0.20 (-0.33 %),100,60.6,60.60,60.60
2019-09-25,62.10,1.50 (2.48 %),810,64.80,64.80,59.70
2019-09-26,62.10,0.00 (0.00 %),800,64.4,64.40,59.50
2019-09-27,62.10,0.00 (0.00 %),10,62.10,62.10,62.10
2019-09-30,62.10,0.00 (0.00 %),0,62.1,62.10,62.10
2019-10-01,60.90,-1.20 (-1.93 %),800,59.50,61.20,59.10
2019-10-02,59.80,-1.10 (-1.81 %),1479,59.1,59.80,59.00
2019-10-03,61.80,2.00 (3.34 %),100,61.80,61.80,61.80
2019-10-04,61.80,0.00 (0.00 %),0,61.8,61.80,61.80
2019-10-07,60.40,-1.40 (-2.27 %),500,59.00,60.50,59.00
2019-10-08,61.80,1.40 (2.32 %),1000,60.3,63.90,60.30
2019-10-09,60.90,-0.90 (-1.46 %),1384,58.40,60.90,57.60
2019-10-10,63.00,2.10 (3.45 %),300,64.3,64.30,59.30
2019-10-11,63.00,0.00 (0.00 %),0,63.00,63.00,63.00
2019-10-14,57.60,-5.40 (-8.57 %),1000,61.9,61.90,57.60
2019-10-15,63.10,5.50 (9.55 %),6901,58.00,63.20,58.00
2019-10-16,62.90,-0.20 (-0.32 %),484,58.2,62.90,58.20
2019-10-17,61.80,-1.10 (-1.75 %),100,61.80,61.80,61.80
2019-10-18,58.10,-3.70 (-5.99 %),100,58.1,58.10,58.10
2019-10-21,61.30,3.20 (5.51 %),1400,59.90,63.90,59.90
2019-10-22,61.30,0.00 (0.00 %),0,61.3,61.30,61.30
2019-10-23,61.30,0.00 (0.00 %),0,61.30,61.30,61.30
2019-10-24,59.90,-1.40 (-2.28 %),2900,58.0,59.90,56.70
2019-10-25,59.90,0.00 (0.00 %),0,59.90,59.90,59.90
2019-10-28,59.40,-0.50 (-0.83 %),300,56.9,59.40,56.90
2019-10-29,58.70,-0.70 (-1.18 %),900,57.00,58.70,57.00
2019-10-30,58.80,0.10 (0.17 %),200,57.9,58.80,57.90
2019-10-31,58.20,-0.60 (-1.02 %),100,58.20,58.20,58.20
2019-11-01,58.20,0.00 (0.00 %),200,56.8,58.20,56.80
2019-11-04,58.00,-0.20 (-0.34 %),2184,57.00,58.00,56.80
2019-11-05,58.00,0.00 (0.00 %),200,57.0,58.00,57.00
2019-11-06,58.00,0.00 (0.00 %),0,58.00,58.00,58.00
2019-11-07,57.00,-1.00 (-1.72 %),200,57.0,57.00,57.00
2019-11-08,57.00,0.00 (0.00 %),0,57.00,57.00,57.00
2019-11-11,57.00,0.00 (0.00 %),400,57.0,57.00,57.00
2019-11-12,56.50,-0.50 (-0.88 %),400,56.10,56.90,56.00
2019-11-13,55.70,-0.80 (-1.42 %),200,55.8,55.80,55.70
2019-11-14,55.70,0.00 (0.00 %),300,55.70,55.70,55.70
2019-11-15,54.40,-1.30 (-2.33 %),200,56.0,56.00,54.40
2019-11-18,54.50,0.10 (0.18 %),300,57.50,57.50,54.50
2019-11-19,54.50,0.00 (0.00 %),340,54.5,54.50,54.50
2019-11-20,54.50,0.00 (0.00 %),400,56.00,56.00,54.50
2019-11-21,55.90,1.40 (2.57 %),100,55.9,55.90,55.90
2019-11-22,55.00,-0.90 (-1.61 %),500,55.00,55.00,55.00
2019-11-25,54.60,-0.40 (-0.73 %),200,54.6,54.60,54.60
2019-11-26,53.90,-0.70 (-1.28 %),252,54.10,54.10,53.90
2019-11-27,54.90,1.00 (1.86 %),1000,53.0,55.80,53.00
2019-11-28,53.00,-1.90 (-3.46 %),2800,54.30,58.90,53.00
2019-11-29,56.80,3.80 (7.17 %),500,56.9,56.90,56.80
2019-12-02,56.80,0.00 (0.00 %),100,56.80,56.80,56.80
2019-12-03,56.80,0.00 (0.00 %),0,56.8,56.80,56.80
2019-12-04,56.80,0.00 (0.00 %),0,56.80,56.80,56.80
2019-12-05,56.80,0.00 (0.00 %),60,56.8,56.80,56.80
2019-12-06,56.40,-0.40 (-0.70 %),1484,56.00,56.40,53.00
2019-12-09,56.40,0.00 (0.00 %),3,56.4,56.40,56.40
2019-12-10,55.90,-0.50 (-0.89 %),200,53.10,55.90,53.10
2019-12-11,56.90,1.00 (1.79 %),100,56.9,56.90,56.90
2019-12-12,56.00,-0.90 (-1.58 %),600,56.00,56.00,56.00
2019-12-13,53.50,-2.50 (-4.46 %),1306,53.1,55.90,53.00
2019-12-16,55.90,2.40 (4.49 %),6000,53.50,56.00,53.00
2019-12-17,55.90,0.00 (0.00 %),0,55.9,55.90,55.90
2019-12-18,53.00,-2.90 (-5.19 %),1468,52.50,55.40,52.10
2019-12-19,53.00,0.00 (0.00 %),100,53.0,53.00,53.00
2019-12-20,54.00,1.00 (1.89 %),8346,53.00,54.00,52.10
2019-12-23,53.90,-0.10 (-0.19 %),491,52.1,53.90,52.10
2019-12-24,53.90,0.00 (0.00 %),0,53.90,53.90,53.90
2019-12-25,53.60,-0.30 (-0.56 %),300,52.1,53.60,52.10
2019-12-26,53.30,-0.30 (-0.56 %),400,52.10,53.30,52.10
2019-12-27,53.30,0.00 (0.00 %),10,53.3,53.30,53.30
2019-12-30,52.70,-0.60 (-1.13 %),300,52.70,52.70,52.70
2019-12-31,52.80,0.10 (0.19 %),800,51.0,54.40,50.40
2020-01-02,52.10,-0.70 (-1.33 %),1365,54.30,54.30,52.00
2020-01-03,52.00,-0.10 (-0.19 %),4151,52.0,52.00,52.00
2020-01-06,52.00,0.00 (0.00 %),0,52.00,52.00,52.00
2020-01-07,51.00,-1.00 (-1.92 %),400,51.1,51.10,51.00
2020-01-08,50.70,-0.30 (-0.59 %),200,49.10,50.70,49.10
2020-01-09,46.70,-4.00 (-7.89 %),3884,48.0,50.30,46.70
2020-01-10,46.70,0.00 (0.00 %),0,46.70,46.70,46.70
2020-01-13,48.40,1.70 (3.64 %),500,45.4,48.40,45.30
2020-01-14,51.00,2.60 (5.37 %),600,51.00,51.00,51.00
2020-01-15,47.80,-3.20 (-6.27 %),430,47.8,47.80,47.80
2020-01-16,52.00,4.20 (8.79 %),516,52.50,52.50,52.00
2020-01-17,52.00,0.00 (0.00 %),0,52.0,52.00,52.00
2020-01-20,54.90,2.90 (5.58 %),200,53.90,54.90,53.90
2020-01-21,54.90,0.00 (0.00 %),1,54.9,54.90,54.90
2020-01-22,54.90,0.00 (0.00 %),0,54.90,54.90,54.90
2020-01-30,56.90,2.00 (3.64 %),1000,56.9,56.90,56.90
2020-01-31,57.90,1.00 (1.76 %),3829,56.50,57.90,56.50
2020-02-03,57.90,0.00 (0.00 %),1729,57.3,57.90,57.30
2020-02-04,57.30,-0.60 (-1.04 %),900,57.50,57.50,54.00
2020-02-05,52.20,-5.10 (-8.90 %),1400,57.3,57.30,52.20
2020-02-06,55.40,3.20 (6.13 %),11302,52.20,55.90,52.10
2020-02-07,52.30,-3.10 (-5.60 %),6400,52.3,52.30,50.30
2020-02-10,52.30,0.00 (0.00 %),100,52.30,52.30,52.30
2020-02-11,52.30,0.00 (0.00 %),0,52.3,52.30,52.30
2020-02-12,53.80,1.50 (2.87 %),620,52.20,54.80,52.20
2020-02-13,53.80,0.00 (0.00 %),0,53.8,53.80,53.80
2020-02-14,53.80,0.00 (0.00 %),0,53.80,53.80,53.80
2020-02-17,53.50,-0.30 (-0.56 %),200,50.1,53.50,50.10
2020-02-18,53.00,-0.50 (-0.93 %),801,54.40,54.40,53.00
2020-02-19,54.20,1.20 (2.26 %),200,54.4,54.40,54.20
2020-02-20,54.20,0.00 (0.00 %),300,54.10,54.20,54.10
2020-02-21,54.20,0.00 (0.00 %),0,54.2,54.20,54.20
2020-02-24,55.70,1.50 (2.77 %),1300,54.90,56.50,54.20
2020-02-25,55.00,-0.70 (-1.26 %),1840,55.9,57.90,55.00
2020-02-26,56.90,1.90 (3.45 %),100,56.90,56.90,56.90
2020-02-27,55.00,-1.90 (-3.34 %),302,55.0,55.00,55.00
2020-02-28,55.40,0.40 (0.73 %),1001,56.90,57.90,52.00
2020-03-02,55.00,-0.40 (-0.72 %),707,56.1,56.10,50.20
2020-03-03,53.90,-1.10 (-2.00 %),700,50.80,53.90,50.80
2020-03-04,56.20,2.30 (4.27 %),600,51.0,56.20,50.30
2020-03-05,54.80,-1.40 (-2.49 %),247,54.00,54.80,54.00
2020-03-06,53.90,-0.90 (-1.64 %),301,53.9,53.90,53.90
2020-03-09,52.40,-1.50 (-2.78 %),701,53.80,53.80,50.30
2020-03-10,56.80,4.40 (8.40 %),1100,50.0,56.80,50.00
2020-03-11,53.60,-3.20 (-5.63 %),1800,55.00,55.00,51.20
2020-03-12,53.60,0.00 (0.00 %),0,53.6,53.60,53.60
2020-03-13,53.60,0.00 (0.00 %),1,53.60,53.60,53.60
2020-03-16,52.90,-0.70 (-1.31 %),200,51.0,52.90,51.00
2020-03-17,52.90,0.00 (0.00 %),0,52.90,52.90,52.90
2020-03-18,51.90,-1.00 (-1.89 %),1000,51.0,51.90,50.50
2020-03-19,49.00,-2.90 (-5.59 %),200,49.00,49.00,49.00
2020-03-20,50.00,1.00 (2.04 %),100,50.0,50.00,50.00
2020-03-23,50.00,0.00 (0.00 %),0,50.00,50.00,50.00
2020-03-24,47.00,-3.00 (-6.00 %),984,45.0,47.00,45.00
2020-03-25,44.60,-2.40 (-5.11 %),2300,45.00,45.00,42.60
2020-03-26,42.60,-2.00 (-4.48 %),2000,42.5,42.60,42.50
2020-03-27,42.60,0.00 (0.00 %),0,42.60,42.60,42.60
2020-03-30,38.50,-4.10 (-9.62 %),3400,40.7,40.70,38.40
2020-03-31,39.80,1.30 (3.38 %),916,41.00,41.00,39.80
2020-04-01,39.80,0.00 (0.00 %),1500,39.8,39.80,39.80
2020-04-03,42.10,2.30 (5.78 %),1802,37.10,42.30,36.10
2020-04-06,45.40,3.30 (7.84 %),1500,42.1,45.90,38.00
2020-04-07,49.40,4.00 (8.81 %),310,49.70,49.70,49.40
2020-04-08,52.20,2.80 (5.67 %),420,53.8,53.80,52.20
2020-04-09,51.50,-0.70 (-1.34 %),3000,47.50,51.90,47.00
2020-04-10,51.40,-0.10 (-0.19 %),300,52.7,52.70,51.40
2020-04-13,52.30,0.90 (1.75 %),110,52.30,52.30,52.30
2020-04-14,50.00,-2.30 (-4.40 %),500,47.6,50.00,47.60
2020-04-15,52.70,2.70 (5.40 %),800,51.00,52.70,51.00
2020-04-16,57.40,4.70 (8.92 %),421,52.0,57.40,52.00
2020-04-17,51.70,-5.70 (-9.93 %),5501,52.00,52.00,51.70
2020-04-20,50.90,-0.80 (-1.55 %),940,53.9,56.50,50.00
2020-04-21,50.90,0.00 (0.00 %),0,50.90,50.90,50.90
2020-04-22,50.80,-0.10 (-0.20 %),400,46.2,50.80,46.20
2020-04-23,50.50,-0.30 (-0.59 %),517,50.80,50.80,50.00
2020-04-24,51.50,1.00 (1.98 %),1000,51.0,51.50,51.00
2020-04-27,51.50,0.00 (0.00 %),301,54.00,54.00,51.50
2020-04-28,51.90,0.40 (0.78 %),756,53.7,53.70,48.10
2020-04-29,53.00,1.10 (2.12 %),560,52.90,53.70,52.90
2020-05-04,51.10,-1.90 (-3.58 %),109,51.1,51.10,51.10
2020-05-05,51.50,0.40 (0.78 %),700,50.90,51.50,50.90
2020-05-06,52.00,0.50 (0.97 %),300,52.9,52.90,52.00
2020-05-07,52.00,0.00 (0.00 %),20,52.00,52.00,52.00
2020-05-08,53.00,1.00 (1.92 %),414,54.8,54.80,51.00
2020-05-11,53.00,0.00 (0.00 %),3,53.00,53.00,53.00
2020-05-12,51.90,0.30 (0.58 %),1350,53.0,56.00,50.10
2020-05-13,51.90,0.00 (0.00 %),2520,54.70,54.70,51.90
2020-05-14,51.10,-0.80 (-1.54 %),1300,50.1,51.10,50.10
2020-05-15,51.10,0.00 (0.00 %),70,51.10,51.10,51.10
2020-05-18,50.40,-0.70 (-1.37 %),758,47.7,50.80,47.70
2020-05-19,50.50,0.10 (0.20 %),504,50.90,51.00,49.10
2020-05-20,50.50,0.00 (0.00 %),27,50.5,50.50,50.50
2020-05-21,50.00,-0.50 (-0.99 %),1104,50.00,50.40,50.00
2020-05-22,50.30,0.30 (0.60 %),801,47.6,50.40,47.60
2020-05-25,49.90,-0.40 (-0.80 %),2600,50.30,50.30,47.00
2020-05-26,49.90,0.00 (0.00 %),200,49.9,49.90,49.90
2020-05-27,50.00,0.10 (0.20 %),4308,49.90,50.00,47.20
2020-05-28,49.80,-0.20 (-0.40 %),2100,48.5,49.90,47.80
2020-05-29,50.00,0.20 (0.40 %),1400,48.10,50.00,48.00
2020-06-01,50.10,0.10 (0.20 %),200,48.5,50.10,48.50
2020-06-02,50.10,0.00 (0.00 %),2000,49.90,50.10,49.10
2020-06-03,50.10,0.00 (0.00 %),400,49.9,50.10,49.90
2020-06-04,50.10,0.00 (0.00 %),0,50.10,50.10,50.10
2020-06-05,50.00,-0.10 (-0.20 %),200,49.1,50.00,49.10
2020-06-08,54.00,4.00 (8.00 %),1100,49.00,55.00,49.00
2020-06-09,54.80,0.80 (1.48 %),400,54.0,54.80,54.00
2020-06-10,52.80,-2.00 (-3.65 %),700,53.50,53.50,50.70
2020-06-11,51.30,-1.50 (-2.84 %),1200,50.5,52.60,48.10
2020-06-12,50.50,-0.80 (-1.56 %),1100,49.00,50.80,48.20
2020-06-15,50.40,-0.10 (-0.20 %),200,48.5,50.40,48.50
2020-06-16,49.80,-0.60 (-1.19 %),300,49.80,49.80,49.80
2020-06-17,49.60,-0.20 (-0.40 %),1553,48.3,49.60,45.60
2020-06-18,49.70,0.10 (0.20 %),600,50.40,51.60,48.00
2020-06-19,53.70,4.00 (8.05 %),202,52.8,53.70,52.80
2020-06-22,49.70,-4.00 (-7.45 %),200,49.70,49.70,49.70
2020-06-23,52.50,2.80 (5.63 %),3354,50.8,54.00,50.00
2020-06-24,50.50,-2.00 (-3.81 %),820,49.50,54.50,49.50
2020-06-25,51.60,1.10 (2.18 %),503,52.6,52.60,50.10
2020-06-26,54.00,2.40 (4.65 %),430,53.80,54.50,50.00
2020-06-29,52.50,-1.50 (-2.78 %),2732,51.1,53.90,50.10
2020-06-30,52.30,-0.20 (-0.38 %),2820,54.00,54.00,50.50
2020-07-01,52.00,-0.30 (-0.57 %),1500,53.5,53.50,51.00
2020-07-02,52.50,0.50 (0.96 %),5100,52.90,54.50,52.00
2020-07-03,52.50,0.00 (0.00 %),4820,53.8,53.80,52.50
2020-07-06,52.60,0.10 (0.19 %),4168,52.50,53.90,52.50
2020-07-07,53.50,0.90 (1.71 %),2703,52.5,53.50,52.50
2020-07-08,53.30,-0.20 (-0.37 %),3410,52.60,53.30,52.50
2020-07-09,53.30,0.00 (0.00 %),5161,52.6,53.40,52.50
2020-07-10,56.50,3.20 (6.00 %),6048,53.50,58.60,53.50
2020-07-13,57.00,0.50 (0.88 %),120,57.0,57.00,57.00
2020-07-14,51.60,-5.40 (-9.47 %),109,51.60,51.60,51.60
2020-07-15,55.50,3.90 (7.56 %),1000,51.6,56.40,51.60
2020-07-16,55.90,0.40 (0.72 %),1192,51.70,57.90,51.50
2020-07-17,55.30,-0.60 (-1.07 %),1230,52.1,55.30,52.10
2020-07-20,55.00,-0.30 (-0.54 %),2300,53.00,55.40,52.30
2020-07-21,54.90,-0.10 (-0.18 %),3907,56.9,59.90,53.20
2020-07-22,54.90,0.00 (0.00 %),0,54.90,54.90,54.90
2020-07-23,54.90,0.00 (0.00 %),600,51.6,55.00,51.60
2020-07-24,56.10,1.20 (2.19 %),1100,58.80,58.80,52.50
2020-07-27,56.10,0.00 (0.00 %),500,56.7,56.70,52.30
2020-07-28,56.10,0.00 (0.00 %),0,56.10,56.10,56.10
2020-07-29,56.90,0.80 (1.43 %),700,52.8,56.90,52.80
2020-07-30,61.50,4.60 (8.08 %),4300,52.70,61.50,52.70
2020-07-31,63.00,1.50 (2.44 %),8150,61.5,64.90,55.50
2020-08-03,64.80,1.80 (2.86 %),1638,64.80,65.90,57.70
2020-08-04,59.50,-5.30 (-8.18 %),581,64.9,65.80,59.50
2020-08-05,61.00,1.50 (2.52 %),700,65.00,65.00,59.20
2020-08-06,61.00,0.00 (0.00 %),300,62.0,65.50,61.00
2020-08-07,60.90,-0.10 (-0.16 %),881,56.70,60.90,56.40
2020-08-10,59.70,-1.20 (-1.97 %),830,56.7,59.70,56.60
2020-08-11,59.70,0.00 (0.00 %),900,61.00,61.00,55.00
2020-08-12,59.70,0.00 (0.00 %),0,59.7,59.70,59.70
2020-08-13,59.70,0.00 (0.00 %),2738,58.90,60.00,58.90
2020-08-14,59.40,-0.30 (-0.50 %),2300,59.4,59.40,59.40
2020-08-17,59.40,0.00 (0.00 %),0,59.40,59.40,59.40
2020-08-18,61.00,1.60 (2.69 %),2608,58.9,61.00,58.90
2020-08-19,61.00,0.00 (0.00 %),568,60.50,64.80,56.70
2020-08-20,60.90,-0.10 (-0.16 %),1253,59.0,60.90,59.00
2020-08-21,60.90,0.00 (0.00 %),4,60.90,60.90,60.90
2020-08-24,61.00,0.10 (0.16 %),845,60.5,65.60,57.00
2020-08-25,60.80,-0.20 (-0.33 %),3624,58.10,60.80,58.10
2020-08-26,60.80,0.00 (0.00 %),1,60.8,60.80,60.80
2020-08-27,60.80,0.00 (0.00 %),503,64.70,64.70,58.50
2020-08-28,60.80,0.00 (0.00 %),6300,64.4,64.40,58.50
2020-08-31,60.60,-0.20 (-0.33 %),800,58.80,60.80,58.70
2020-09-01,60.60,0.00 (0.00 %),0,60.6,60.60,60.60
2020-09-03,59.00,-1.60 (-2.64 %),1400,60.20,64.00,57.90
2020-09-04,59.00,0.00 (0.00 %),0,59.0,59.00,59.00
2020-09-07,58.90,-0.10 (-0.17 %),3155,54.10,59.00,54.10
2020-09-08,58.00,-0.90 (-1.53 %),200,54.6,58.00,54.60
2020-09-09,57.90,-0.10 (-0.17 %),297,53.10,57.90,53.10
2020-09-10,56.70,-1.20 (-2.07 %),646,53.5,57.30,53.50
2020-09-11,59.00,2.30 (4.06 %),6285,52.10,59.00,52.10
2020-09-14,59.00,0.00 (0.00 %),49,59.0,59.00,59.00
2020-09-15,59.00,0.00 (0.00 %),400,53.60,63.90,53.60
2020-09-16,58.80,-0.20 (-0.34 %),2060,54.1,58.90,54.10
2020-09-17,58.80,0.00 (0.00 %),0,58.80,58.80,58.80
2020-09-18,58.80,0.00 (0.00 %),30,58.8,58.80,58.80
2020-09-21,58.70,-0.10 (-0.17 %),700,58.70,58.70,58.70
2020-09-22,58.50,-0.20 (-0.34 %),100,58.5,58.50,58.50
2020-09-23,58.50,0.00 (0.00 %),425,63.80,63.80,58.50
2020-09-24,56.60,-1.90 (-3.25 %),452530,59.0,59.00,56.00
2020-09-25,59.00,2.40 (4.24 %),18846,59.00,59.10,59.00
2020-09-28,56.60,-2.40 (-4.07 %),200,54.6,56.60,54.60
2020-09-29,56.60,0.00 (0.00 %),10,56.60,56.60,56.60
2020-09-30,58.00,1.40 (2.47 %),1403,56.8,58.00,56.60
2020-10-01,58.00,0.00 (0.00 %),300,54.10,58.00,54.10
2020-10-02,55.50,-2.50 (-4.31 %),1500,54.1,55.70,54.10
2020-10-05,54.50,0.00 (0.00 %),0,54.50,54.50,54.50
2020-10-06,55.90,1.40 (2.57 %),100,55.9,55.90,55.90
2020-10-07,55.90,0.00 (0.00 %),0,55.90,55.90,55.90
2020-10-08,56.00,0.10 (0.18 %),3200,54.5,56.90,54.00
2020-10-09,55.20,-0.80 (-1.43 %),2300,56.20,56.80,55.20
2020-10-12,50.10,-5.10 (-9.24 %),150,50.1,50.10,50.10
2020-10-13,50.10,0.00 (0.00 %),0,50.10,50.10,50.10
2020-10-14,55.10,5.00 (9.98 %),100,55.1,55.10,55.10
2020-10-15,54.90,-0.20 (-0.36 %),150,54.90,54.90,54.90
2020-10-16,55.20,0.30 (0.55 %),804,49.5,57.90,49.50
2020-10-19,55.00,-0.20 (-0.36 %),1000,55.10,55.10,55.00
2020-10-20,55.00,0.00 (0.00 %),20,55.0,55.00,55.00
2020-10-21,55.00,0.00 (0.00 %),4041,53.10,55.00,53.10
2020-10-22,55.00,0.00 (0.00 %),1000,55.0,55.00,55.00
2020-10-23,55.00,0.00 (0.00 %),240,55.00,55.00,55.00
2020-10-26,55.00,0.00 (0.00 %),200,49.5,55.00,49.50
2020-10-27,55.00,0.00 (0.00 %),20,55.00,55.00,55.00
2020-10-28,57.00,2.00 (3.64 %),300,57.0,57.00,57.00
2020-10-29,55.00,-2.00 (-3.51 %),400,55.50,55.50,55.00
2020-10-30,56.50,1.50 (2.73 %),2240,55.0,56.50,55.00
2020-11-02,56.50,0.00 (0.00 %),300,56.50,56.50,56.50
2020-11-03,56.50,0.00 (0.00 %),500,56.5,56.50,56.50
2020-11-04,57.60,1.10 (1.95 %),4910,56.60,59.00,56.60
2020-11-05,57.60,0.00 (0.00 %),0,57.6,57.60,57.60
2020-11-06,57.80,0.20 (0.35 %),500,57.80,57.80,57.80
2020-11-09,57.80,0.00 (0.00 %),1100,57.9,57.90,57.80
2020-11-10,56.20,-1.60 (-2.77 %),3210,52.20,57.50,52.20
2020-11-11,57.00,0.80 (1.42 %),200,57.0,57.00,57.00
2020-11-12,52.30,-4.70 (-8.25 %),101,52.30,52.30,52.30
2020-11-13,55.20,2.90 (5.54 %),200,55.2,55.20,55.20
2020-11-16,56.70,1.50 (2.72 %),1301,56.50,56.90,56.50
2020-11-17,56.70,0.00 (0.00 %),1700,56.4,56.70,56.40
2020-11-18,56.70,0.00 (0.00 %),700,56.50,56.70,56.50
2020-11-19,56.70,0.00 (0.00 %),0,56.7,56.70,56.70
2020-11-20,56.70,0.00 (0.00 %),500,51.20,56.70,51.20
2020-11-23,56.90,0.20 (0.35 %),3700,52.5,56.90,52.50
2020-11-24,56.70,-0.20 (-0.35 %),3107,56.70,57.00,56.70
2020-11-25,56.70,0.00 (0.00 %),144,56.7,56.70,56.70
2020-11-26,56.70,0.00 (0.00 %),225,51.10,56.70,51.10
2020-11-27,56.10,-0.60 (-1.06 %),2500,54.3,56.70,54.30
2020-11-30,57.00,0.90 (1.60 %),1810,56.90,57.00,56.90
2020-12-01,56.00,-1.00 (-1.75 %),2700,53.0,57.00,53.00
2020-12-02,56.10,0.10 (0.18 %),250,55.90,56.10,55.90
2020-12-03,52.30,-3.80 (-6.77 %),119,52.3,52.30,52.30
2020-12-04,52.30,0.00 (0.00 %),0,52.30,52.30,52.30
2020-12-07,57.00,4.70 (8.99 %),101,57.0,57.00,57.00
2020-12-08,57.00,0.00 (0.00 %),429,52.50,57.00,52.50
2020-12-09,57.50,0.50 (0.88 %),250,55.1,57.50,55.10
2020-12-10,57.50,0.00 (0.00 %),0,57.50,57.50,57.50
2020-12-11,57.00,-0.50 (-0.87 %),1300,56.5,57.00,56.10
2020-12-14,57.00,0.00 (0.00 %),10,57.00,57.00,57.00
2020-12-15,56.90,-0.10 (-0.18 %),1093,53.4,56.90,53.40
2020-12-16,56.50,-0.40 (-0.70 %),7000,56.90,56.90,56.50
2020-12-17,56.50,0.00 (0.00 %),2543,56.7,56.70,56.50
2020-12-18,57.00,0.50 (0.88 %),426,56.50,57.00,56.50
2020-12-21,57.00,0.00 (0.00 %),1084,53.6,57.00,53.60
2020-12-22,57.00,0.00 (0.00 %),3,57.00,57.00,57.00
2020-12-23,56.00,-1.00 (-1.75 %),3837,56.1,56.10,56.00
2020-12-24,56.10,0.10 (0.18 %),100,56.10,56.10,56.10
2020-12-25,56.10,0.00 (0.00 %),0,56.1,56.10,56.10
2020-12-28,56.10,0.00 (0.00 %),24165,57.00,57.00,56.10
2020-12-29,56.50,0.40 (0.71 %),7100,58.0,59.00,56.50
2020-12-30,58.00,1.50 (2.65 %),525,58.00,58.00,58.00
2020-12-31,57.50,-0.50 (-0.86 %),530,57.9,57.90,57.50
2021-01-04,58.10,0.60 (1.04 %),4100,58.00,58.10,58.00
2021-01-05,60.30,2.20 (3.79 %),6317,58.0,60.30,58.00
2021-01-06,60.60,0.30 (0.50 %),2868,61.00,61.50,60.20
2021-01-07,60.50,-0.10 (-0.17 %),10140,60.6,61.00,60.50
2021-01-08,62.00,1.50 (2.48 %),18340,60.50,62.00,60.50
2021-01-11,62.00,0.00 (0.00 %),18000,62.0,62.50,61.20
2021-01-12,62.00,0.00 (0.00 %),10757,62.00,62.50,60.30
2021-01-13,60.70,-1.30 (-2.10 %),10300,60.8,63.00,60.50
2021-01-14,61.00,0.30 (0.49 %),719,61.00,61.00,61.00
2021-01-15,60.80,-0.20 (-0.33 %),8175,60.5,62.00,60.50
2021-01-18,61.10,0.30 (0.49 %),2736,61.00,61.10,61.00
2021-01-19,61.10,0.00 (0.00 %),4956,61.1,61.10,55.50
2021-01-20,58.20,-2.90 (-4.75 %),592,61.10,61.10,58.20
2021-01-21,61.10,2.90 (4.98 %),1295,61.0,61.10,61.00
2021-01-22,60.60,-0.50 (-0.82 %),4806,60.90,61.50,60.60
2021-01-25,60.70,0.10 (0.17 %),2002,60.6,62.00,60.60
2021-01-26,60.80,0.10 (0.16 %),3000,62.00,62.00,60.80
2021-01-27,61.00,0.20 (0.33 %),1600,61.0,61.00,60.80
2021-01-28,60.80,-0.20 (-0.33 %),6400,60.80,61.00,60.00
2021-01-29,60.90,0.10 (0.16 %),4600,60.9,61.50,60.90
2021-02-01,61.00,0.10 (0.16 %),6277,61.10,61.10,61.00
2021-02-02,61.10,0.10 (0.16 %),1900,61.1,61.10,61.10
2021-02-03,62.00,0.90 (1.47 %),2093,61.10,62.00,61.10
2021-02-04,61.60,-0.40 (-0.65 %),500,62.0,62.00,61.60
2021-02-05,61.60,0.00 (0.00 %),0,61.60,61.60,61.60
2021-02-08,61.60,0.00 (0.00 %),403,61.6,61.60,61.60
2021-02-09,63.00,1.40 (2.27 %),848,62.90,63.00,62.90
2021-02-17,63.10,0.10 (0.16 %),1700,63.5,64.00,63.10
2021-02-18,63.50,0.40 (0.63 %),3100,63.50,65.00,63.50
2021-02-19,63.60,0.10 (0.16 %),3900,63.6,63.60,63.50
2021-02-22,63.60,0.00 (0.00 %),10,63.60,63.60,63.60
2021-02-23,64.30,0.70 (1.10 %),1700,64.0,64.30,64.00
2021-02-24,65.00,0.70 (1.09 %),307,64.90,65.00,64.90
2021-02-25,65.30,0.30 (0.46 %),514,65.9,65.90,65.30
2021-02-26,65.10,-0.20 (-0.31 %),701,65.10,65.50,65.10
2021-03-01,60.30,-4.80 (-7.37 %),700,59.0,65.00,59.00
2021-03-02,62.10,1.80 (2.99 %),231,61.30,62.10,61.30
