date,close,change,volume,open,high,low
2017-03-01,8.40,-0.35 (-4.00 %),2880080,8.75,8.76,8.40
2017-03-02,8.54,0.14 (1.67 %),2372990,8.52,8.54,8.38
2017-03-03,8.37,-0.17 (-1.99 %),1184730,8.45,8.54,8.37
2017-03-06,8.32,-0.05 (-0.60 %),2193700,8.40,8.43,8.31
2017-03-07,8.31,-0.01 (-0.12 %),1708150,8.32,8.42,8.30
2017-03-08,8.36,0.05 (0.60 %),2778930,8.39,8.48,8.32
2017-03-09,8.20,-0.16 (-1.91 %),2479620,8.36,8.46,8.20
2017-03-10,8.10,-0.10 (-1.22 %),2290540,8.10,8.30,8.10
2017-03-13,8.07,-0.03 (-0.37 %),1205270,8.10,8.19,8.05
2017-03-14,8.12,0.05 (0.62 %),1572420,8.07,8.12,8.00
2017-03-15,8.03,-0.09 (-1.11 %),1210460,8.18,8.18,8.00
2017-03-16,8.02,-0.01 (-0.12 %),1342800,8.11,8.11,8.02
2017-03-17,8.16,0.14 (1.75 %),1685580,8.10,8.27,8.02
2017-03-20,8.20,0.04 (0.49 %),2308600,8.10,8.37,8.10
2017-03-21,8.19,-0.01 (-0.12 %),1279660,8.20,8.26,8.18
2017-03-22,8.05,-0.14 (-1.71 %),1601970,8.21,8.21,8.02
2017-03-23,8.17,0.12 (1.49 %),2141030,8.06,8.17,8.04
2017-03-24,8.11,-0.06 (-0.73 %),1588980,8.24,8.34,8.11
2017-03-27,8.18,0.07 (0.86 %),2070680,8.10,8.22,8.10
2017-03-28,8.20,0.02 (0.24 %),1387380,8.19,8.23,8.10
2017-03-29,8.10,-0.10 (-1.22 %),1334080,8.20,8.20,8.10
2017-03-30,8.11,0.01 (0.12 %),1229230,8.18,8.18,8.10
2017-03-31,8.04,-0.07 (-0.86 %),1198980,8.16,8.17,8.04
2017-04-03,8.47,0.43 (5.35 %),6198090,8.04,8.54,8.04
2017-04-04,8.55,0.08 (0.94 %),6895120,8.50,8.75,8.50
2017-04-05,8.50,-0.05 (-0.58 %),2188690,8.55,8.62,8.42
2017-04-07,8.49,-0.01 (-0.12 %),2759250,8.35,8.53,8.30
2017-04-10,8.55,0.06 (0.71 %),4329090,8.50,8.83,8.36
2017-04-11,8.79,0.24 (2.81 %),5349810,8.72,8.87,8.63
2017-04-12,9.26,0.47 (5.35 %),10689550,8.81,9.37,8.79
2017-04-13,9.00,-0.26 (-2.81 %),3993690,9.20,9.23,8.91
2017-04-14,8.99,-0.01 (-0.11 %),5857720,9.00,9.05,8.67
2017-04-17,8.95,-0.04 (-0.44 %),5534190,8.99,9.26,8.70
2017-04-18,8.70,-0.25 (-2.79 %),6196670,8.96,8.96,8.58
2017-04-19,8.73,0.03 (0.34 %),4703270,8.70,8.93,8.61
2017-04-20,8.73,0.00 (0.00 %),5587910,8.73,8.89,8.69
2017-04-21,8.60,-0.13 (-1.49 %),3500480,8.73,8.78,8.59
2017-04-24,8.37,-0.23 (-2.67 %),7801990,8.57,8.60,8.37
2017-04-25,8.40,0.03 (0.36 %),4730070,8.31,8.45,8.25
2017-04-26,8.62,0.22 (2.62 %),4316790,8.40,8.62,8.35
2017-04-27,8.51,-0.11 (-1.28 %),3944630,8.62,8.76,8.51
2017-04-28,8.60,0.09 (1.06 %),3672830,8.50,8.70,8.48
2017-05-03,8.64,0.04 (0.47 %),3023100,8.65,8.68,8.60
2017-05-04,9.09,0.45 (5.21 %),9732270,8.70,9.19,8.70
2017-05-05,9.20,0.11 (1.21 %),5818940,9.20,9.35,9.17
2017-05-08,9.84,0.64 (6.96 %),13318150,9.30,9.84,9.30
2017-05-09,9.82,-0.02 (-0.20 %),6165520,9.95,9.99,9.70
2017-05-10,10.50,0.68 (6.92 %),10129350,9.85,10.50,9.85
2017-05-11,10.35,-0.15 (-1.43 %),15176340,10.65,11.00,10.35
2017-05-12,11.05,0.70 (6.76 %),14901400,10.35,11.05,10.25
2017-05-15,11.80,0.75 (6.79 %),8733190,11.45,11.80,11.25
2017-05-16,12.60,0.80 (6.78 %),14494490,12.00,12.60,11.80
2017-05-17,13.00,0.40 (3.17 %),16130550,12.25,13.25,11.80
2017-05-18,12.10,-0.90 (-6.92 %),8688860,13.05,13.20,12.10
2017-05-19,11.70,-0.40 (-3.31 %),8141420,11.80,12.20,11.35
2017-05-22,12.50,0.80 (6.84 %),9430870,11.90,12.50,11.80
2017-05-23,12.20,-0.30 (-2.40 %),5621110,12.60,13.00,12.10
2017-05-24,11.95,-0.25 (-2.05 %),4713060,12.10,12.40,11.75
2017-05-25,12.05,0.10 (0.84 %),6526260,11.95,12.40,11.90
2017-05-26,12.25,0.20 (1.66 %),9163060,12.30,12.60,11.95
2017-05-29,12.30,0.05 (0.41 %),12297370,12.70,13.00,12.30
2017-05-30,12.20,-0.10 (-0.81 %),6220510,12.45,12.50,12.05
2017-05-31,11.35,-0.85 (-6.97 %),14745600,12.20,12.20,11.35
2017-06-01,11.10,-0.25 (-2.20 %),7601440,11.00,11.50,10.85
2017-06-02,11.50,0.40 (3.60 %),3419370,11.30,11.60,11.15
2017-06-05,11.00,-0.50 (-4.35 %),4787470,11.50,11.60,11.00
2017-06-06,11.40,0.40 (3.64 %),3992440,10.95,11.50,10.95
2017-06-07,11.50,0.10 (0.88 %),4028330,11.60,11.85,11.45
2017-06-08,11.35,-0.15 (-1.30 %),3443820,11.50,11.65,11.35
2017-06-09,11.60,0.25 (2.20 %),5522600,11.45,11.75,11.35
2017-06-12,12.00,0.40 (3.45 %),6887980,11.70,12.20,11.70
2017-06-13,11.80,-0.20 (-1.67 %),3335580,12.10,12.10,11.70
2017-06-14,11.65,-0.15 (-1.27 %),4673520,12.00,12.00,11.65
2017-06-15,11.45,-0.20 (-1.72 %),4050890,11.65,11.75,11.40
2017-06-16,11.55,0.10 (0.87 %),2806160,11.45,11.65,11.45
2017-06-19,11.40,-0.15 (-1.30 %),9801710,11.75,11.85,11.40
2017-06-20,11.60,0.20 (1.75 %),3488990,11.55,11.70,11.40
2017-06-21,12.35,0.75 (6.47 %),9948780,11.60,12.35,11.40
2017-06-22,12.55,0.20 (1.62 %),10573840,12.35,12.70,12.35
2017-06-23,12.55,0.00 (0.00 %),7042850,12.55,12.80,12.30
2017-06-26,12.55,0.00 (0.00 %),5152930,12.60,12.90,12.50
2017-06-27,12.25,-0.30 (-2.39 %),6705240,12.55,12.70,12.15
2017-06-28,12.35,0.10 (0.82 %),2924650,12.25,12.40,12.10
2017-06-29,12.35,0.00 (0.00 %),5278370,12.45,12.70,12.30
2017-06-30,12.25,-0.10 (-0.81 %),4324550,12.50,12.60,12.20
2017-07-03,12.30,0.05 (0.41 %),3672590,12.30,12.45,12.20
2017-07-04,12.00,-0.30 (-2.44 %),5534210,12.30,12.40,11.95
2017-07-05,12.10,0.10 (0.83 %),4815040,12.00,12.30,11.85
2017-07-06,12.45,0.35 (2.89 %),4476510,12.25,12.50,12.10
2017-07-07,12.00,-0.45 (-3.61 %),5648750,12.55,12.55,12.00
2017-07-10,11.80,-0.20 (-1.67 %),6220810,12.00,12.10,11.70
2017-07-11,11.70,-0.10 (-0.85 %),3859860,11.75,11.85,11.40
2017-07-12,11.65,-0.05 (-0.43 %),2565250,11.90,11.90,11.65
2017-07-13,11.65,0.00 (0.00 %),2852450,11.65,11.75,11.55
2017-07-14,11.60,-0.05 (-0.43 %),2252230,11.65,11.75,11.60
2017-07-17,11.00,-0.60 (-5.17 %),4552230,11.60,11.60,10.85
2017-07-18,10.85,-0.15 (-1.36 %),3515250,10.90,11.10,10.70
2017-07-19,10.90,0.05 (0.46 %),2307480,11.00,11.05,10.70
2017-07-20,11.20,0.30 (2.75 %),1990410,10.85,11.20,10.80
2017-07-21,10.95,-0.25 (-2.23 %),1542650,11.20,11.30,10.95
2017-07-24,10.65,-0.30 (-2.74 %),1837280,10.80,10.90,10.60
2017-07-25,11.00,0.35 (3.29 %),2473480,10.65,11.00,10.60
2017-07-26,11.75,0.75 (6.82 %),5525400,11.10,11.75,10.95
2017-07-27,11.50,-0.25 (-2.13 %),2960890,11.75,11.90,11.40
2017-07-28,11.50,0.00 (0.00 %),3766170,11.50,11.70,11.45
2017-07-31,11.55,0.05 (0.43 %),2883950,11.50,11.65,11.45
2017-08-01,11.70,0.15 (1.30 %),6516360,11.60,12.20,11.45
2017-08-02,11.60,-0.10 (-0.85 %),3506560,11.65,11.75,11.40
2017-08-03,11.65,0.05 (0.43 %),3633880,11.55,11.85,11.55
2017-08-04,11.55,-0.10 (-0.86 %),3607380,11.60,11.70,11.50
2017-08-07,11.50,-0.05 (-0.43 %),3387870,11.50,11.70,11.45
2017-08-08,11.10,-0.40 (-3.48 %),4583300,11.50,11.60,11.10
2017-08-09,10.60,-0.50 (-4.50 %),8869360,11.10,11.10,10.35
2017-08-10,11.00,0.40 (3.77 %),7891770,10.75,11.00,10.60
2017-08-11,10.95,-0.05 (-0.45 %),3482960,10.90,11.30,10.80
2017-08-14,11.20,0.25 (2.28 %),2176440,10.80,11.20,10.80
2017-08-15,10.90,-0.30 (-2.68 %),1756220,11.05,11.20,10.90
2017-08-16,10.90,0.00 (0.00 %),1725930,10.75,10.95,10.75
2017-08-17,10.85,-0.05 (-0.46 %),4586890,10.85,11.15,10.85
2017-08-18,10.75,-0.10 (-0.92 %),2829810,10.80,10.90,10.70
2017-08-21,10.80,0.05 (0.47 %),1378370,10.75,10.90,10.70
2017-08-22,10.65,-0.15 (-1.39 %),2372250,10.85,10.85,10.50
2017-08-23,10.65,0.00 (0.00 %),1916160,10.60,10.70,10.50
2017-08-24,10.75,0.10 (0.94 %),4681180,10.65,10.85,10.50
2017-08-25,10.60,-0.15 (-1.40 %),2755560,10.75,10.75,10.60
2017-08-28,10.90,0.30 (2.83 %),5192660,10.65,11.00,10.60
2017-08-29,10.90,0.00 (0.00 %),6003400,10.90,11.20,10.85
2017-08-30,10.75,-0.15 (-1.38 %),2537580,10.90,10.95,10.75
2017-08-31,10.80,0.05 (0.47 %),3757050,10.80,10.85,10.70
2017-09-01,10.70,-0.10 (-0.93 %),2747180,10.90,10.90,10.65
2017-09-05,11.40,0.70 (6.54 %),9996320,10.80,11.40,10.80
2017-09-06,11.20,-0.20 (-1.75 %),2521130,11.40,11.45,11.15
2017-09-07,11.10,-0.10 (-0.89 %),3296800,11.15,11.40,11.10
2017-09-08,11.15,0.05 (0.45 %),3798630,11.10,11.30,11.10
2017-09-11,11.25,0.10 (0.90 %),3797600,11.30,11.50,11.20
2017-09-12,11.25,0.00 (0.00 %),1622590,11.30,11.40,11.15
2017-09-13,11.70,0.45 (4.00 %),6563500,11.35,11.75,11.35
2017-09-14,11.60,-0.10 (-0.85 %),2987550,11.85,11.85,11.60
2017-09-15,11.70,0.10 (0.86 %),2707480,11.65,11.75,11.55
2017-09-18,11.80,0.10 (0.85 %),5634790,11.80,12.00,11.65
2017-09-19,11.55,-0.25 (-2.12 %),4688180,11.80,11.85,11.55
2017-09-20,11.70,0.15 (1.30 %),3093570,11.55,11.75,11.50
2017-09-21,11.50,-0.20 (-1.71 %),3632600,11.75,11.75,11.45
2017-09-22,11.40,-0.10 (-0.87 %),3604290,11.40,11.60,11.40
2017-09-25,11.40,0.00 (0.00 %),1995650,11.40,11.55,11.35
2017-09-26,11.30,-0.10 (-0.88 %),1775110,11.45,11.45,11.30
2017-09-27,11.25,-0.05 (-0.44 %),2145710,11.40,11.40,11.20
2017-09-28,11.05,-0.20 (-1.78 %),3009320,11.25,11.40,11.05
2017-09-29,11.20,0.15 (1.36 %),2013600,11.00,11.20,11.00
2017-10-02,10.95,-0.25 (-2.23 %),1750910,11.20,11.20,10.85
2017-10-03,10.80,-0.15 (-1.37 %),3614360,10.90,10.95,10.60
2017-10-04,11.10,0.30 (2.78 %),1533410,10.90,11.10,10.85
2017-10-05,11.00,-0.10 (-0.90 %),1661570,11.20,11.25,11.00
2017-10-06,11.05,0.05 (0.45 %),1262010,11.10,11.10,10.95
2017-10-09,11.10,0.05 (0.45 %),1866120,11.15,11.30,11.05
2017-10-10,11.30,0.20 (1.80 %),2655190,11.15,11.40,11.10
2017-10-11,11.35,0.05 (0.44 %),4664150,11.35,11.55,11.30
2017-10-12,11.40,0.05 (0.44 %),2528650,11.40,11.45,11.35
2017-10-13,11.25,-0.15 (-1.32 %),2744750,11.45,11.45,11.25
2017-10-16,11.00,-0.25 (-2.22 %),2460020,11.25,11.30,11.00
2017-10-17,11.00,0.00 (0.00 %),1603170,11.00,11.15,11.00
2017-10-18,10.95,-0.05 (-0.45 %),1477280,11.05,11.10,10.90
2017-10-19,10.80,-0.15 (-1.37 %),2758880,11.05,11.10,10.80
2017-10-20,10.35,0.26 (2.54 %),2789660,10.50,10.50,10.30
2017-10-23,10.10,-0.25 (-2.42 %),2280240,10.10,10.30,10.05
2017-10-24,9.99,-0.11 (-1.09 %),1660730,10.10,10.15,9.87
2017-10-25,10.05,0.06 (0.60 %),2025580,10.00,10.20,9.92
2017-10-26,9.63,-0.42 (-4.18 %),1509710,10.05,10.05,9.50
2017-10-27,9.41,-0.22 (-2.28 %),2390090,9.63,9.66,9.34
2017-10-30,9.03,-0.38 (-4.04 %),2498870,9.41,9.55,9.03
2017-10-31,8.71,-0.32 (-3.54 %),4561770,8.92,9.03,8.71
2017-11-01,8.78,0.07 (0.80 %),1896740,8.60,8.89,8.58
2017-11-02,8.97,0.19 (2.16 %),4766840,8.71,9.30,8.70
2017-11-03,9.03,0.06 (0.67 %),2342370,9.05,9.20,8.96
2017-11-06,9.10,0.07 (0.78 %),1331990,9.18,9.19,9.05
2017-11-07,9.06,-0.04 (-0.44 %),1092510,9.15,9.15,9.06
2017-11-08,9.08,0.02 (0.22 %),2496800,9.06,9.26,9.05
2017-11-09,8.93,-0.15 (-1.65 %),874510,9.10,9.15,8.90
2017-11-10,9.07,0.14 (1.57 %),1593240,8.98,9.10,8.94
2017-11-13,9.00,-0.07 (-0.77 %),1333590,9.12,9.12,8.89
2017-11-14,8.99,-0.01 (-0.11 %),1011580,8.98,9.02,8.95
2017-11-15,9.41,0.42 (4.67 %),3514610,9.41,9.48,8.90
2017-11-16,9.39,-0.02 (-0.21 %),2097320,9.31,9.55,9.31
2017-11-17,9.34,-0.05 (-0.53 %),1421390,9.40,9.46,9.22
2017-11-20,9.20,-0.14 (-1.50 %),1477300,9.30,9.34,9.19
2017-11-21,9.22,0.02 (0.22 %),2089630,9.20,9.34,9.11
2017-11-22,9.23,0.01 (0.11 %),899790,9.29,9.32,9.15
2017-11-23,9.39,0.16 (1.73 %),4317290,9.23,9.48,9.23
2017-11-24,9.80,0.41 (4.37 %),5251650,9.50,9.88,9.30
2017-11-27,9.80,0.00 (0.00 %),3379850,9.76,10.00,9.76
2017-11-28,9.67,-0.13 (-1.33 %),3354780,9.70,9.86,9.60
2017-11-29,9.71,0.04 (0.41 %),3229740,9.65,9.78,9.60
2017-11-30,9.78,0.07 (0.72 %),2561400,9.71,10.00,9.70
2017-12-01,9.78,0.00 (0.00 %),1606440,9.76,9.87,9.75
2017-12-04,9.90,0.12 (1.23 %),3169970,9.84,9.93,9.76
2017-12-05,9.95,0.05 (0.51 %),4826720,9.99,10.35,9.90
2017-12-06,9.99,0.04 (0.40 %),3140150,9.95,10.15,9.83
2017-12-07,10.30,0.31 (3.10 %),5397020,10.10,10.40,10.10
2017-12-08,9.91,-0.39 (-3.79 %),6470700,10.40,10.50,9.91
2017-12-11,9.30,-0.61 (-6.16 %),3278590,9.80,9.95,9.22
2017-12-12,9.39,0.09 (0.97 %),3684410,9.40,9.50,8.80
2017-12-13,9.13,-0.26 (-2.77 %),1587840,9.39,9.39,9.10
2017-12-14,9.25,0.12 (1.31 %),1326680,9.10,9.29,9.10
2017-12-15,9.40,0.15 (1.62 %),1629410,9.30,9.54,9.20
2017-12-18,9.50,0.10 (1.06 %),2160540,9.49,9.65,9.44
2017-12-19,9.55,0.05 (0.53 %),1960050,9.70,9.70,9.49
2017-12-20,9.55,0.00 (0.00 %),1228790,9.55,9.60,9.48
2017-12-21,9.45,-0.10 (-1.05 %),1858220,9.56,9.56,9.38
2017-12-22,9.33,-0.12 (-1.27 %),1371940,9.40,9.40,9.26
2017-12-25,9.26,-0.07 (-0.75 %),902860,9.30,9.43,9.26
2017-12-26,9.33,0.07 (0.76 %),1502960,9.26,9.39,9.25
2017-12-27,9.28,-0.05 (-0.54 %),1374880,9.30,9.42,9.24
2017-12-28,9.30,0.02 (0.22 %),1700940,9.33,9.35,9.25
2017-12-29,9.21,-0.09 (-0.97 %),2010530,9.30,9.31,9.20
2018-01-02,9.28,0.07 (0.76 %),1816960,9.21,9.35,9.19
2018-01-03,9.29,0.01 (0.11 %),1809520,9.28,9.45,9.28
2018-01-04,9.55,0.26 (2.80 %),6558520,9.39,9.68,9.30
2018-01-05,9.48,-0.07 (-0.73 %),2435470,9.60,9.70,9.48
2018-01-08,9.50,0.02 (0.21 %),1987460,9.48,9.59,9.48
2018-01-09,10.15,0.65 (6.84 %),8246320,9.65,10.15,9.60
2018-01-10,10.85,0.70 (6.90 %),13315880,10.50,10.85,10.30
2018-01-11,11.10,0.25 (2.30 %),8572970,11.05,11.40,10.90
2018-01-12,10.70,-0.40 (-3.60 %),8172610,10.90,11.15,10.70
2018-01-15,11.35,0.65 (6.07 %),9505530,10.60,11.40,10.60
2018-01-16,11.50,0.15 (1.32 %),7310740,11.30,11.80,11.20
2018-01-17,11.00,-0.50 (-4.35 %),4471750,11.25,11.55,10.90
2018-01-18,11.20,0.20 (1.82 %),5849860,10.85,11.20,10.70
2018-01-19,11.05,-0.15 (-1.34 %),5690300,11.35,11.40,11.00
2018-01-22,10.95,-0.10 (-0.90 %),2738610,11.10,11.25,10.85
2018-01-25,11.20,0.25 (2.28 %),9767460,11.00,11.45,10.80
2018-01-26,11.65,0.45 (4.02 %),14310790,11.10,11.75,11.10
2018-01-29,11.95,0.30 (2.58 %),8924030,11.55,12.20,11.55
2018-01-30,12.75,0.80 (6.69 %),14171870,11.90,12.75,11.60
2018-01-31,12.20,-0.55 (-4.31 %),12359230,13.00,13.35,12.20
2018-02-01,11.90,-0.30 (-2.46 %),8333920,12.40,12.55,11.80
2018-02-02,12.10,0.20 (1.68 %),6678240,11.90,12.15,11.75
2018-02-05,11.70,-0.40 (-3.31 %),9366420,11.85,12.25,11.50
2018-02-06,11.20,-0.50 (-4.27 %),10733800,11.20,11.70,10.90
2018-02-07,11.40,0.20 (1.79 %),6964130,11.60,11.80,11.40
2018-02-08,11.00,-0.40 (-3.51 %),4505670,11.30,11.55,11.00
2018-02-09,11.00,0.00 (0.00 %),2353440,10.40,11.00,10.30
2018-02-12,11.40,0.40 (3.64 %),1679640,11.20,11.40,11.05
2018-02-13,11.50,0.10 (0.88 %),3724700,11.50,11.65,11.30
2018-02-21,11.85,0.35 (3.04 %),5596740,11.70,11.95,11.55
2018-02-22,11.75,-0.10 (-0.84 %),5396150,11.70,12.10,11.55
2018-02-23,12.15,0.40 (3.40 %),7463520,11.85,12.30,11.75
2018-02-26,11.85,-0.30 (-2.47 %),4790880,12.40,12.45,11.80
2018-02-27,11.80,-0.05 (-0.42 %),4611500,11.85,12.00,11.65
2018-02-28,11.80,0.00 (0.00 %),6733220,11.60,12.00,11.55
2018-03-01,12.00,0.20 (1.69 %),6386950,11.75,12.10,11.70
2018-03-02,12.60,0.60 (5.00 %),11529380,11.85,12.60,11.80
2018-03-05,12.10,-0.50 (-3.97 %),12400570,13.00,13.15,12.10
2018-03-06,12.60,0.50 (4.13 %),7640600,12.30,12.65,12.10
2018-03-07,12.15,-0.45 (-3.57 %),7878410,12.45,12.80,11.95
2018-03-08,12.15,0.00 (0.00 %),5039150,12.25,12.35,12.00
2018-03-09,12.10,-0.05 (-0.41 %),5603880,12.20,12.45,12.10
2018-03-12,12.05,-0.05 (-0.41 %),4503090,12.05,12.30,12.05
2018-03-13,12.10,0.05 (0.41 %),3738340,12.05,12.20,11.90
2018-03-14,12.15,0.05 (0.41 %),5115480,12.10,12.40,12.10
2018-03-15,12.80,0.65 (5.35 %),13734040,12.20,12.90,12.20
2018-03-16,12.85,0.05 (0.39 %),10907420,12.85,13.25,12.75
2018-03-19,12.70,-0.15 (-1.17 %),6240260,12.70,13.05,12.65
2018-03-20,13.55,0.85 (6.69 %),18797210,12.65,13.55,12.50
2018-03-21,13.55,0.00 (0.00 %),12975750,13.70,13.85,13.40
2018-03-22,13.15,-0.40 (-2.95 %),10715290,13.55,13.60,13.10
2018-03-23,12.60,-0.55 (-4.18 %),11612210,12.50,12.90,12.50
2018-03-26,12.70,0.10 (0.79 %),6094610,12.60,12.80,12.45
2018-03-27,12.55,-0.15 (-1.18 %),4678810,12.95,12.95,12.55
2018-03-28,12.55,0.00 (0.00 %),3321580,12.40,12.75,12.40
2018-03-29,12.75,0.20 (1.59 %),6087440,12.65,13.00,12.60
2018-03-30,13.20,0.45 (3.53 %),10072010,12.75,13.40,12.75
2018-04-02,13.80,0.60 (4.55 %),13488180,13.40,13.80,13.35
2018-04-03,14.00,0.20 (1.45 %),16490420,13.80,14.35,13.60
2018-04-04,13.80,-0.20 (-1.43 %),9817990,13.95,14.15,13.75
2018-04-05,14.40,0.60 (4.35 %),13827020,13.70,14.40,13.70
2018-04-06,14.10,-0.30 (-2.08 %),7495150,14.40,14.75,14.10
2018-04-09,14.00,-0.10 (-0.71 %),7920590,14.15,14.15,13.90
2018-04-10,13.60,-0.40 (-2.86 %),12219250,14.00,14.00,13.40
2018-04-11,13.40,-0.20 (-1.47 %),16919550,13.55,13.90,13.35
2018-04-12,12.95,-0.45 (-3.36 %),6366450,13.20,13.40,12.80
2018-04-13,12.55,0.09 (0.74 %),4125410,12.90,13.00,12.50
2018-04-16,12.20,-0.35 (-2.79 %),5123850,12.25,12.55,11.80
2018-04-17,12.40,0.20 (1.64 %),3785160,12.20,12.45,12.00
2018-04-18,12.20,-0.20 (-1.61 %),2959170,12.40,12.65,12.15
2018-04-19,11.35,-0.85 (-6.97 %),5572620,12.10,12.30,11.35
2018-04-20,11.80,0.45 (3.96 %),4350580,11.50,11.80,11.20
2018-04-23,11.00,-0.80 (-6.78 %),5049750,11.00,11.90,11.00
2018-04-24,10.70,-0.30 (-2.73 %),7065870,10.90,11.20,10.60
2018-04-26,10.00,-0.70 (-6.54 %),5333100,10.80,10.80,10.00
2018-04-27,10.60,0.60 (6.00 %),4997400,10.00,10.70,10.00
2018-05-02,10.25,-0.35 (-3.30 %),2143340,10.25,10.70,10.15
2018-05-03,10.50,0.25 (2.44 %),3778790,10.10,10.55,10.10
2018-05-04,10.45,-0.05 (-0.48 %),2655830,10.70,10.80,10.40
2018-05-07,11.00,0.55 (5.26 %),3486810,10.50,11.15,10.40
2018-05-08,10.50,-0.50 (-4.55 %),3328560,10.95,11.00,10.50
2018-05-09,10.40,-0.10 (-0.95 %),2278460,10.50,10.70,10.35
2018-05-10,10.10,-0.30 (-2.88 %),4337250,10.40,10.45,10.00
2018-05-11,10.20,0.10 (0.99 %),2641790,10.10,10.30,10.05
2018-05-14,10.30,0.10 (0.98 %),1877380,10.30,10.50,10.20
2018-05-15,10.50,0.20 (1.94 %),3869810,10.40,10.70,10.30
2018-05-16,10.30,-0.20 (-1.90 %),2149240,10.45,10.50,10.25
2018-05-17,10.40,0.10 (0.97 %),1799460,10.40,10.40,10.25
2018-05-18,10.30,-0.10 (-0.96 %),2932410,10.35,10.40,10.20
2018-05-21,10.10,-0.20 (-1.94 %),1594590,10.25,10.30,10.05
2018-05-22,9.45,-0.65 (-6.44 %),5509320,10.00,10.05,9.40
2018-05-23,9.50,0.05 (0.53 %),4377700,9.45,9.55,8.95
2018-05-24,9.15,-0.35 (-3.68 %),2418130,9.31,9.55,9.15
2018-05-25,9.03,-0.12 (-1.31 %),3102560,9.10,9.39,9.00
2018-05-28,8.40,-0.63 (-6.98 %),5966390,8.90,9.00,8.40
2018-05-29,8.93,0.53 (6.31 %),3359180,8.35,8.97,8.35
2018-05-30,8.70,-0.23 (-2.58 %),967760,8.65,8.98,8.65
2018-05-31,9.05,0.35 (4.02 %),5139970,8.70,9.20,8.70
2018-06-01,9.39,0.34 (3.76 %),3151790,9.05,9.55,9.05
2018-06-04,9.53,0.14 (1.49 %),2045110,9.34,9.65,9.31
2018-06-05,9.41,-0.12 (-1.26 %),2479590,9.50,9.65,9.33
2018-06-06,9.59,0.18 (1.91 %),2250410,9.39,9.59,9.31
2018-06-07,9.52,-0.07 (-0.73 %),2230990,9.60,9.60,9.44
2018-06-08,10.15,0.63 (6.62 %),4266460,9.59,10.15,9.46
2018-06-11,9.87,-0.28 (-2.76 %),3231930,10.00,10.35,9.87
2018-06-12,9.62,-0.25 (-2.53 %),2206740,9.80,9.87,9.55
2018-06-13,9.70,0.08 (0.83 %),1752750,9.62,9.79,9.60
2018-06-14,9.80,0.10 (1.03 %),3194690,9.70,10.10,9.65
2018-06-15,9.90,0.10 (1.02 %),2339430,9.65,9.98,9.65
2018-06-18,9.40,-0.50 (-5.05 %),1390490,9.86,9.99,9.40
2018-06-19,9.10,-0.30 (-3.19 %),4139900,9.30,9.30,8.75
2018-06-20,9.27,0.17 (1.87 %),2541370,9.20,9.40,9.05
2018-06-21,9.10,-0.17 (-1.83 %),1163110,9.20,9.35,9.10
2018-06-22,9.10,0.00 (0.00 %),781430,9.10,9.20,9.00
2018-06-25,9.10,0.00 (0.00 %),1471380,9.25,9.32,9.10
2018-06-26,9.10,0.00 (0.00 %),1363150,9.10,9.20,9.01
2018-06-27,9.10,0.00 (0.00 %),2066020,9.19,9.22,9.10
2018-06-28,8.90,-0.20 (-2.20 %),2019570,9.01,9.11,8.85
2018-06-29,8.85,-0.05 (-0.56 %),2650610,8.90,9.04,8.80
2018-07-02,8.40,-0.45 (-5.08 %),1858440,8.85,8.88,8.40
2018-07-03,8.10,-0.30 (-3.57 %),2265210,8.57,8.62,8.06
2018-07-04,8.00,-0.10 (-1.23 %),1290320,8.20,8.20,8.00
2018-07-05,8.00,0.00 (0.00 %),3616580,8.00,8.20,7.48
2018-07-06,8.50,0.50 (6.25 %),2861220,8.00,8.50,7.80
2018-07-09,8.15,-0.35 (-4.12 %),1191210,8.50,8.80,8.15
2018-07-10,8.16,0.01 (0.12 %),711230,8.15,8.50,8.13
2018-07-11,7.88,-0.28 (-3.43 %),1355100,8.00,8.16,7.88
2018-07-12,8.20,0.32 (4.06 %),1305260,8.20,8.20,7.85
2018-07-13,8.40,0.20 (2.44 %),948220,8.20,8.40,8.16
2018-07-16,8.55,0.15 (1.79 %),1618960,8.40,8.59,8.38
2018-07-17,8.75,0.20 (2.34 %),1608530,8.50,8.75,8.20
2018-07-18,8.96,0.21 (2.40 %),2490930,8.75,9.00,8.75
2018-07-19,8.82,-0.14 (-1.56 %),2272590,8.96,9.00,8.80
2018-07-20,8.80,-0.02 (-0.23 %),1334780,8.80,8.82,8.70
2018-07-23,8.65,-0.15 (-1.70 %),2130840,8.65,8.84,8.65
2018-07-24,8.83,0.18 (2.08 %),2679420,8.65,9.00,8.50
2018-07-25,9.18,0.35 (3.96 %),3575930,8.95,9.32,8.83
2018-07-26,8.90,-0.28 (-3.05 %),2274120,9.18,9.20,8.90
2018-07-27,9.00,0.10 (1.12 %),2248130,8.90,9.11,8.84
2018-07-30,9.12,0.12 (1.33 %),1823730,9.18,9.18,9.05
2018-07-31,9.38,0.26 (2.85 %),5383110,9.40,9.70,9.30
2018-08-01,9.15,-0.23 (-2.45 %),2353050,9.40,9.43,9.11
2018-08-02,9.05,-0.10 (-1.09 %),1883480,9.19,9.20,8.95
2018-08-03,8.98,-0.07 (-0.77 %),1809480,9.18,9.18,8.98
2018-08-06,8.76,-0.22 (-2.45 %),1710250,8.98,9.08,8.76
2018-08-07,8.77,0.01 (0.11 %),1366230,8.70,8.90,8.63
2018-08-08,8.80,0.03 (0.34 %),1445610,8.80,8.87,8.76
2018-08-09,8.83,0.03 (0.34 %),1804030,8.83,9.00,8.80
2018-08-10,9.02,0.19 (2.15 %),2332300,8.89,9.10,8.81
2018-08-13,9.11,0.09 (1.00 %),2539140,9.00,9.20,9.00
2018-08-14,9.11,0.00 (0.00 %),1746270,9.15,9.21,9.09
2018-08-15,8.93,-0.18 (-1.98 %),1940090,9.11,9.15,8.90
2018-08-16,8.80,-0.13 (-1.46 %),2200900,8.87,8.88,8.78
2018-08-17,8.81,0.01 (0.11 %),1078400,8.88,8.95,8.80
2018-08-20,8.83,0.02 (0.23 %),1262120,8.86,8.92,8.80
2018-08-21,9.35,0.52 (5.89 %),7217500,8.83,9.38,8.83
2018-08-22,9.32,-0.03 (-0.32 %),3269370,9.45,9.60,9.30
2018-08-23,9.35,0.03 (0.32 %),2571520,9.32,9.49,9.27
2018-08-24,9.60,0.25 (2.67 %),5513520,9.35,9.69,9.35
2018-08-27,9.50,-0.10 (-1.04 %),3013150,9.60,9.69,9.47
2018-08-28,9.36,-0.14 (-1.47 %),2387940,9.51,9.53,9.36
2018-08-29,9.41,0.05 (0.53 %),2716620,9.35,9.47,9.35
2018-08-30,9.50,0.09 (0.96 %),1812590,9.40,9.53,9.37
2018-08-31,9.35,-0.15 (-1.58 %),1834210,9.50,9.56,9.35
2018-09-04,9.10,-0.25 (-2.67 %),2336610,9.40,9.43,9.10
2018-09-05,8.95,-0.15 (-1.65 %),2762500,9.05,9.16,8.91
2018-09-06,8.91,-0.04 (-0.45 %),1601340,9.00,9.09,8.91
2018-09-07,9.07,0.16 (1.80 %),1453010,8.95,9.07,8.91
2018-09-10,9.00,-0.07 (-0.77 %),1229220,9.10,9.15,9.00
2018-09-11,9.07,0.07 (0.78 %),1200650,9.00,9.10,9.00
2018-09-12,9.06,-0.01 (-0.11 %),2066970,9.10,9.18,9.06
2018-09-13,9.16,0.10 (1.10 %),2337730,9.06,9.16,9.06
2018-09-14,9.23,0.07 (0.76 %),2973560,9.20,9.24,9.17
2018-09-17,9.10,-0.13 (-1.41 %),2066350,9.22,9.24,9.10
2018-09-18,9.30,0.20 (2.20 %),1917380,9.08,9.30,9.05
2018-09-19,9.47,0.17 (1.83 %),5384530,9.35,9.60,9.35
2018-09-20,9.48,0.01 (0.11 %),2684820,9.55,9.64,9.47
2018-09-21,9.35,-0.13 (-1.37 %),3439320,9.59,9.59,9.25
2018-09-24,9.50,0.15 (1.60 %),3992640,9.35,9.64,9.35
2018-09-25,9.68,0.18 (1.89 %),4859100,9.68,9.80,9.45
2018-09-26,9.78,0.10 (1.03 %),4706690,9.61,9.96,9.60
2018-09-27,9.75,-0.03 (-0.31 %),3103450,9.78,9.88,9.70
2018-09-28,9.75,0.00 (0.00 %),3137810,9.76,9.85,9.73
2018-10-01,9.52,-0.23 (-2.36 %),4023370,9.75,9.75,9.51
2018-10-02,9.44,-0.08 (-0.84 %),2933130,9.52,9.56,9.44
2018-10-03,9.49,0.05 (0.53 %),2625510,9.44,9.58,9.44
2018-10-04,9.56,0.07 (0.74 %),3007550,9.50,9.61,9.50
2018-10-05,9.44,-0.12 (-1.26 %),1775790,9.58,9.60,9.44
2018-10-08,9.37,-0.07 (-0.74 %),1814940,9.43,9.51,9.36
2018-10-09,9.32,-0.05 (-0.53 %),2113510,9.37,9.50,9.32
2018-10-10,9.30,-0.02 (-0.21 %),1868670,9.33,9.41,9.28
2018-10-11,8.65,-0.65 (-6.99 %),8082890,8.65,9.10,8.65
2018-10-12,8.87,0.22 (2.54 %),2737450,8.60,8.88,8.44
2018-10-15,8.70,-0.17 (-1.92 %),3917750,8.87,8.89,8.70
2018-10-16,8.76,0.06 (0.69 %),2470650,8.70,8.81,8.70
2018-10-17,8.84,0.08 (0.91 %),836680,8.84,8.95,8.80
2018-10-18,8.75,-0.09 (-1.02 %),1941750,8.84,8.95,8.75
2018-10-19,8.70,-0.05 (-0.57 %),1784030,8.60,8.76,8.60
2018-10-22,8.50,-0.20 (-2.30 %),1088780,8.70,8.80,8.50
2018-10-23,7.60,-0.34 (-4.33 %),2913340,8.10,8.19,7.55
2018-10-24,7.85,0.25 (3.29 %),1815960,7.80,7.85,7.59
2018-10-25,7.85,0.00 (0.00 %),1332600,7.50,7.85,7.50
2018-10-26,7.70,-0.15 (-1.91 %),1279360,8.00,8.05,7.70
2018-10-29,8.10,0.40 (5.19 %),1335760,7.75,8.10,7.68
2018-10-30,7.89,-0.21 (-2.59 %),409280,7.90,8.00,7.89
2018-10-31,8.06,0.17 (2.15 %),833170,8.10,8.10,7.95
2018-11-01,7.99,-0.07 (-0.87 %),1483930,8.10,8.10,7.95
2018-11-02,8.05,0.06 (0.75 %),1180170,8.00,8.10,7.99
2018-11-05,8.00,-0.05 (-0.62 %),1913640,8.05,8.08,8.00
2018-11-06,8.01,0.01 (0.12 %),2144880,8.00,8.20,8.00
2018-11-07,7.99,-0.02 (-0.25 %),1387600,8.01,8.12,7.99
2018-11-08,8.03,0.04 (0.50 %),1494900,8.09,8.15,8.03
2018-11-09,7.99,-0.04 (-0.50 %),931910,8.02,8.09,7.99
2018-11-12,7.92,-0.07 (-0.88 %),864790,7.99,8.00,7.86
2018-11-13,7.80,-0.12 (-1.52 %),1210650,7.80,7.88,7.80
2018-11-14,7.75,-0.05 (-0.64 %),959150,7.82,7.86,7.75
2018-11-15,7.66,-0.09 (-1.16 %),699180,7.75,7.77,7.65
2018-11-16,7.72,0.06 (0.78 %),829590,7.70,7.80,7.68
2018-11-19,7.82,0.10 (1.30 %),580100,7.72,7.89,7.72
2018-11-20,7.93,0.11 (1.41 %),1292650,7.82,7.96,7.79
2018-11-21,7.86,-0.07 (-0.88 %),1029350,7.84,7.92,7.80
2018-11-22,8.04,0.18 (2.29 %),1543920,7.92,8.09,7.90
2018-11-23,7.94,-0.10 (-1.24 %),1272700,8.08,8.08,7.94
2018-11-26,7.94,0.00 (0.00 %),601880,7.94,8.00,7.90
2018-11-27,7.92,-0.02 (-0.25 %),720800,7.99,8.00,7.90
2018-11-28,7.87,-0.05 (-0.63 %),818930,7.92,7.96,7.86
2018-11-29,7.80,-0.07 (-0.89 %),1260400,7.89,7.93,7.80
2018-11-30,7.89,0.09 (1.15 %),1649700,7.80,7.90,7.78
2018-12-03,8.00,0.11 (1.39 %),2592360,8.00,8.01,7.93
2018-12-04,7.98,-0.02 (-0.25 %),1758810,8.00,8.07,7.97
2018-12-05,8.07,0.09 (1.13 %),2624590,7.92,8.09,7.90
2018-12-06,7.98,-0.09 (-1.12 %),1272500,8.05,8.09,7.95
2018-12-07,8.13,0.15 (1.88 %),2633810,8.05,8.17,8.00
2018-12-10,8.00,-0.13 (-1.60 %),1723110,8.11,8.13,7.99
2018-12-11,7.97,-0.03 (-0.38 %),1758440,8.05,8.07,7.96
2018-12-12,8.13,0.16 (2.01 %),2873310,8.00,8.13,7.97
2018-12-13,8.24,0.11 (1.35 %),4063100,8.15,8.32,8.15
2018-12-14,8.08,-0.16 (-1.94 %),1410310,8.24,8.24,8.08
2018-12-17,8.00,-0.08 (-0.99 %),2627170,8.08,8.08,7.98
2018-12-18,7.88,-0.12 (-1.50 %),3041050,7.90,7.96,7.80
2018-12-19,7.77,-0.11 (-1.40 %),1376740,7.89,7.93,7.77
2018-12-20,7.81,0.04 (0.51 %),1412940,7.76,7.85,7.74
2018-12-21,7.78,-0.03 (-0.38 %),881060,7.75,7.81,7.74
2018-12-24,7.65,-0.13 (-1.67 %),890990,7.78,7.94,7.65
2018-12-25,7.32,-0.33 (-4.31 %),2386600,7.51,7.55,7.16
2018-12-26,7.60,0.28 (3.83 %),1330830,7.40,7.60,7.31
2018-12-27,7.60,0.00 (0.00 %),856440,7.70,7.70,7.52
2018-12-28,7.30,-0.30 (-3.95 %),1272920,7.51,7.60,7.30
2019-01-02,7.05,-0.25 (-3.42 %),2533110,7.05,7.40,6.99
2019-01-03,7.05,0.00 (0.00 %),2943980,7.03,7.05,6.81
2019-01-04,7.07,0.02 (0.28 %),967490,7.00,7.07,6.90
2019-01-07,7.11,0.04 (0.57 %),1034440,7.20,7.24,7.11
2019-01-08,7.12,0.01 (0.14 %),725740,7.17,7.17,7.08
2019-01-09,7.16,0.04 (0.56 %),1145700,7.12,7.20,7.12
2019-01-10,7.17,0.01 (0.14 %),809330,7.16,7.22,7.15
2019-01-11,7.20,0.03 (0.42 %),1107520,7.19,7.26,7.17
2019-01-14,7.20,0.00 (0.00 %),1108360,7.16,7.25,7.14
2019-01-15,7.31,0.11 (1.53 %),1303180,7.20,7.35,7.20
2019-01-16,7.34,0.03 (0.41 %),1156160,7.34,7.35,7.25
2019-01-17,7.35,0.01 (0.14 %),1230850,7.30,7.35,7.29
2019-01-18,7.36,0.01 (0.14 %),865110,7.36,7.36,7.30
2019-01-21,7.39,0.03 (0.41 %),885460,7.38,7.39,7.33
2019-01-22,7.41,0.02 (0.27 %),1060580,7.36,7.42,7.35
2019-01-23,7.42,0.01 (0.13 %),1275860,7.37,7.42,7.36
2019-01-24,7.40,-0.02 (-0.27 %),920670,7.38,7.42,7.38
2019-01-25,7.35,-0.05 (-0.68 %),1817620,7.38,7.39,7.31
2019-01-28,7.33,-0.02 (-0.27 %),1045260,7.30,7.34,7.26
2019-01-29,7.33,0.00 (0.00 %),1018040,7.33,7.33,7.25
2019-01-30,7.40,0.07 (0.95 %),1614410,7.27,7.40,7.26
2019-01-31,7.50,0.10 (1.35 %),1475660,7.40,7.50,7.32
2019-02-01,7.60,0.10 (1.33 %),2445730,7.50,7.60,7.36
2019-02-11,7.51,-0.09 (-1.18 %),1736180,7.60,7.60,7.50
2019-02-12,7.59,0.08 (1.07 %),1547170,7.55,7.63,7.50
2019-02-13,7.59,0.00 (0.00 %),1226480,7.60,7.61,7.58
2019-02-14,7.69,0.10 (1.32 %),4024340,7.60,7.75,7.59
2019-02-15,7.79,0.10 (1.30 %),2161950,7.72,7.86,7.72
2019-02-18,7.71,-0.08 (-1.03 %),1652010,7.80,7.82,7.68
2019-02-19,7.56,-0.15 (-1.95 %),1929040,7.71,7.76,7.56
2019-02-20,7.57,0.01 (0.13 %),1570460,7.58,7.58,7.51
2019-02-21,7.45,-0.12 (-1.59 %),2308720,7.57,7.58,7.45
2019-02-22,7.46,0.01 (0.13 %),1594550,7.43,7.51,7.42
2019-02-25,7.48,0.02 (0.27 %),1974840,7.48,7.54,7.47
2019-02-26,7.46,-0.02 (-0.27 %),1339040,7.48,7.50,7.40
2019-02-27,7.52,0.06 (0.80 %),1881520,7.46,7.59,7.43
2019-02-28,7.45,-0.07 (-0.93 %),2034730,7.52,7.63,7.45
2019-03-01,7.49,0.04 (0.54 %),1266800,7.45,7.52,7.45
2019-03-04,7.75,0.26 (3.47 %),6371450,7.58,7.90,7.49
2019-03-05,7.84,0.09 (1.16 %),5780770,7.79,8.00,7.74
2019-03-06,7.81,-0.03 (-0.38 %),2345460,7.84,7.88,7.77
2019-03-07,7.70,-0.11 (-1.41 %),2909270,7.81,7.90,7.69
2019-03-08,7.54,-0.16 (-2.08 %),3245090,7.60,7.68,7.53
2019-03-11,7.59,0.05 (0.66 %),2168760,7.54,7.67,7.54
2019-03-12,7.61,0.02 (0.26 %),2157900,7.66,7.66,7.57
2019-03-13,7.66,0.05 (0.66 %),2374650,7.61,7.71,7.61
2019-03-14,7.69,0.03 (0.39 %),2945410,7.70,7.81,7.69
2019-03-15,7.73,0.04 (0.52 %),3039560,7.77,7.86,7.71
2019-03-18,7.70,-0.03 (-0.39 %),1715990,7.81,7.82,7.67
2019-03-19,7.60,-0.10 (-1.30 %),2238760,7.72,7.72,7.58
2019-03-20,7.55,-0.05 (-0.66 %),2511700,7.60,7.60,7.45
2019-03-21,7.50,-0.05 (-0.66 %),2551600,7.58,7.58,7.42
2019-03-22,7.49,-0.01 (-0.13 %),1919920,7.45,7.52,7.40
2019-03-25,7.40,-0.09 (-1.20 %),2221540,7.35,7.40,7.25
2019-03-26,7.32,-0.08 (-1.08 %),1484700,7.40,7.45,7.32
2019-03-27,7.33,0.01 (0.14 %),1543590,7.36,7.38,7.30
2019-03-28,7.34,0.01 (0.14 %),1125860,7.33,7.35,7.30
2019-03-29,7.34,0.00 (0.00 %),1771670,7.32,7.37,7.32
2019-04-01,7.35,0.01 (0.14 %),2053640,7.35,7.42,7.34
2019-04-02,7.35,0.00 (0.00 %),2052270,7.38,7.38,7.33
2019-04-03,7.32,-0.03 (-0.41 %),1147110,7.35,7.35,7.32
2019-04-04,7.32,0.00 (0.00 %),1322450,7.32,7.35,7.30
2019-04-05,7.32,0.00 (0.00 %),1824980,7.32,7.33,7.25
2019-04-08,7.38,0.06 (0.82 %),2036110,7.32,7.55,7.30
2019-04-09,7.35,-0.03 (-0.41 %),1492550,7.45,7.49,7.35
2019-04-10,7.36,0.01 (0.14 %),935120,7.33,7.40,7.32
2019-04-11,7.35,-0.01 (-0.14 %),937220,7.38,7.40,7.31
2019-04-12,7.30,-0.05 (-0.68 %),804530,7.32,7.35,7.30
2019-04-16,7.30,0.00 (0.00 %),1861090,7.30,7.30,7.15
2019-04-17,7.21,-0.09 (-1.23 %),1094330,7.30,7.31,7.21
2019-04-18,7.21,0.00 (0.00 %),1248280,7.21,7.25,7.20
2019-04-19,7.23,0.02 (0.28 %),1489650,7.21,7.27,7.21
2019-04-22,7.21,-0.02 (-0.28 %),1454460,7.25,7.25,7.21
2019-04-23,7.28,0.07 (0.97 %),2729850,7.24,7.29,7.23
2019-04-24,7.30,0.02 (0.27 %),1046490,7.30,7.32,7.26
2019-04-25,7.21,-0.09 (-1.23 %),1235100,7.30,7.31,7.21
2019-04-26,7.22,0.01 (0.14 %),763910,7.21,7.26,7.21
2019-05-02,7.20,-0.02 (-0.28 %),867560,7.24,7.25,7.19
2019-05-03,7.20,0.00 (0.00 %),1457650,7.20,7.26,7.17
2019-05-06,7.10,-0.10 (-1.39 %),913740,7.17,7.18,7.06
2019-05-07,7.10,0.00 (0.00 %),2798660,7.11,7.13,6.95
2019-05-08,7.10,0.00 (0.00 %),1472030,7.02,7.10,6.96
2019-05-09,7.09,-0.01 (-0.14 %),1593780,7.10,7.11,7.00
2019-05-10,7.10,0.01 (0.14 %),875470,7.09,7.11,7.03
2019-05-13,7.15,0.05 (0.70 %),2872800,7.10,7.16,7.05
2019-05-14,7.15,0.00 (0.00 %),2259260,7.13,7.16,7.09
2019-05-15,7.25,0.10 (1.40 %),3405190,7.15,7.30,7.14
2019-05-16,7.28,0.03 (0.41 %),2837530,7.26,7.33,7.25
2019-05-17,7.24,-0.04 (-0.55 %),1702970,7.28,7.29,7.20
2019-05-20,7.24,0.00 (0.00 %),2469520,7.24,7.24,7.18
2019-05-21,7.18,-0.06 (-0.83 %),2436640,7.23,7.24,7.17
2019-05-22,7.17,-0.01 (-0.14 %),1512710,7.17,7.22,7.16
2019-05-23,7.13,-0.04 (-0.56 %),1120710,7.17,7.17,7.10
2019-05-24,7.12,-0.01 (-0.14 %),2124500,7.10,7.14,7.09
2019-05-27,7.10,-0.02 (-0.28 %),877560,7.11,7.14,7.08
2019-05-28,7.10,0.00 (0.00 %),1163570,7.10,7.12,7.05
2019-05-29,7.09,-0.01 (-0.14 %),1143440,7.10,7.12,7.05
2019-05-30,7.10,0.01 (0.14 %),1769740,7.08,7.10,7.04
2019-05-31,7.10,0.00 (0.00 %),1718360,7.10,7.12,7.03
2019-06-03,7.09,-0.01 (-0.14 %),2291320,7.10,7.10,7.04
2019-06-04,7.08,-0.01 (-0.14 %),1573840,7.07,7.09,7.05
2019-06-05,7.09,0.01 (0.14 %),1572010,7.08,7.09,7.05
2019-06-06,7.50,0.41 (5.78 %),2324100,7.09,7.50,7.04
2019-06-07,7.50,0.00 (0.00 %),3535400,7.48,7.50,7.30
2019-06-10,7.50,0.00 (0.00 %),2917220,7.50,7.50,7.42
2019-06-11,7.49,-0.01 (-0.13 %),1203880,7.50,7.50,7.44
2019-06-12,7.48,-0.01 (-0.13 %),1093610,7.45,7.50,7.40
2019-06-13,7.47,-0.01 (-0.13 %),1055930,7.48,7.48,7.43
2019-06-14,7.45,-0.02 (-0.27 %),1403590,7.47,7.50,7.40
2019-06-17,7.40,-0.05 (-0.67 %),1458350,7.45,7.45,7.37
2019-06-18,7.35,-0.05 (-0.68 %),990890,7.40,7.42,7.30
2019-06-19,7.30,-0.05 (-0.68 %),1310860,7.30,7.35,7.25
2019-06-20,7.33,0.03 (0.41 %),1900450,7.26,7.33,7.25
2019-06-21,7.33,0.00 (0.00 %),1531570,7.33,7.36,7.28
2019-06-24,7.30,-0.03 (-0.41 %),1343580,7.33,7.34,7.25
2019-06-25,7.29,-0.01 (-0.14 %),1329190,7.30,7.30,7.21
2019-06-26,7.25,-0.04 (-0.55 %),1170140,7.25,7.29,7.21
2019-06-27,7.18,-0.07 (-0.97 %),1419470,7.18,7.23,7.15
2019-06-28,7.29,0.11 (1.53 %),703980,7.29,7.29,7.14
2019-07-01,7.28,-0.01 (-0.14 %),936850,7.28,7.32,7.22
2019-07-02,7.21,-0.07 (-0.96 %),1318420,7.21,7.28,7.20
2019-07-03,7.20,-0.01 (-0.14 %),1147060,7.24,7.30,7.15
2019-07-04,7.24,0.04 (0.56 %),1386860,7.24,7.24,7.15
2019-07-05,7.22,-0.02 (-0.28 %),1398360,7.24,7.26,7.16
2019-07-08,7.19,-0.03 (-0.42 %),1139660,7.22,7.22,7.14
2019-07-09,7.17,-0.02 (-0.28 %),1678870,7.19,7.19,7.12
2019-07-10,7.17,0.00 (0.00 %),1638920,7.16,7.19,7.12
2019-07-11,7.16,-0.01 (-0.14 %),1739700,7.11,7.17,7.11
2019-07-12,7.14,-0.02 (-0.28 %),2189980,7.16,7.16,7.10
2019-07-15,7.14,0.00 (0.00 %),1639220,7.16,7.15,7.09
2019-07-16,7.13,-0.01 (-0.14 %),1917520,7.10,7.14,7.09
2019-07-17,7.13,0.00 (0.00 %),1351830,7.12,7.13,7.08
2019-07-18,7.13,0.00 (0.00 %),1803830,7.10,7.13,7.08
2019-07-19,7.10,-0.03 (-0.42 %),2670430,7.10,7.13,7.06
2019-07-22,7.10,0.00 (0.00 %),2961920,7.10,7.10,7.04
2019-07-23,7.09,-0.01 (-0.14 %),2213650,7.10,7.10,7.05
2019-07-24,7.07,-0.02 (-0.28 %),2360410,7.06,7.07,7.03
2019-07-25,7.06,-0.01 (-0.14 %),2260820,7.03,7.06,7.01
2019-07-26,7.15,0.09 (1.27 %),2874070,7.03,7.19,7.03
2019-07-29,7.11,-0.04 (-0.56 %),1953560,7.15,7.17,7.07
2019-07-30,7.06,-0.05 (-0.70 %),2447010,7.06,7.12,7.01
2019-07-31,7.00,-0.06 (-0.85 %),1836430,7.05,7.06,6.97
2019-08-01,7.00,0.00 (0.00 %),2919130,7.00,7.00,6.88
2019-08-02,6.93,-0.07 (-1.00 %),2396530,6.89,7.00,6.86
2019-08-05,6.80,-0.13 (-1.88 %),3068670,6.90,6.92,6.71
2019-08-06,6.70,-0.10 (-1.47 %),2025310,6.69,6.77,6.63
2019-08-07,6.75,0.05 (0.75 %),1809490,6.69,6.78,6.65
2019-08-08,6.60,-0.15 (-2.22 %),1919540,6.71,6.75,6.60
2019-08-09,6.90,0.30 (4.55 %),2800200,6.63,6.90,6.59
2019-08-12,6.92,0.02 (0.29 %),3327060,6.80,6.96,6.80
2019-08-13,6.88,-0.04 (-0.58 %),2765500,6.88,6.94,6.74
2019-08-14,6.80,-0.08 (-1.16 %),2132190,6.86,6.88,6.77
2019-08-15,6.75,-0.05 (-0.74 %),3547560,6.61,6.75,6.60
2019-08-16,6.70,-0.05 (-0.74 %),2699650,6.73,6.73,6.60
2019-08-19,6.68,-0.02 (-0.30 %),2864880,6.63,6.70,6.60
2019-08-20,6.68,0.00 (0.00 %),3004400,6.65,6.68,6.59
2019-08-21,6.66,-0.02 (-0.30 %),2697760,6.66,6.66,6.62
2019-08-22,6.64,-0.02 (-0.30 %),2207210,6.62,6.65,6.58
2019-08-23,6.64,0.00 (0.00 %),2485570,6.60,6.65,6.58
2019-08-26,6.63,-0.01 (-0.15 %),2585410,6.58,6.63,6.56
2019-08-27,6.63,0.00 (0.00 %),1349990,6.59,6.63,6.58
2019-08-28,6.62,-0.01 (-0.15 %),2445780,6.62,6.62,6.58
2019-08-29,6.62,0.00 (0.00 %),2882650,6.59,6.62,6.56
2019-08-30,6.75,0.13 (1.96 %),2963360,6.59,6.75,6.58
2019-09-03,6.77,0.02 (0.30 %),3803820,6.72,6.79,6.66
2019-09-04,6.69,-0.08 (-1.18 %),3334840,6.76,6.78,6.69
2019-09-05,6.69,0.00 (0.00 %),2454070,6.69,6.73,6.67
2019-09-06,6.65,-0.04 (-0.60 %),3010470,6.67,6.70,6.61
2019-09-09,6.61,-0.04 (-0.60 %),3325590,6.65,6.66,6.57
2019-09-10,6.58,-0.03 (-0.45 %),2925270,6.60,6.64,6.54
2019-09-11,6.55,-0.03 (-0.46 %),1808940,6.54,6.57,6.51
2019-09-12,6.55,0.00 (0.00 %),2513000,6.56,6.57,6.49
2019-09-13,6.53,-0.02 (-0.31 %),3968960,6.55,6.56,6.47
2019-09-16,6.48,-0.05 (-0.77 %),3268770,6.55,6.54,6.45
2019-09-17,6.55,0.07 (1.08 %),3908830,6.55,6.57,6.49
2019-09-18,6.70,0.15 (2.29 %),5091710,6.55,7.00,6.56
2019-09-19,6.71,0.01 (0.15 %),4510690,6.73,6.81,6.70
2019-09-20,6.68,-0.03 (-0.45 %),2600240,6.71,6.72,6.64
2019-09-23,6.58,-0.10 (-1.50 %),4252730,6.68,6.71,6.58
2019-09-24,6.50,-0.08 (-1.22 %),2539900,6.56,6.60,6.50
2019-09-25,6.50,0.00 (0.00 %),2903480,6.54,6.55,6.49
2019-09-26,6.47,-0.03 (-0.46 %),2588440,6.53,6.53,6.47
2019-09-27,6.45,-0.02 (-0.31 %),3254500,6.46,6.51,6.44
2019-09-30,6.51,0.06 (0.93 %),3831770,6.47,6.53,6.45
2019-10-01,6.53,0.02 (0.31 %),2186800,6.52,6.57,6.51
2019-10-02,6.51,-0.02 (-0.31 %),2198630,6.55,6.57,6.49
2019-10-03,6.51,0.00 (0.00 %),2273430,6.49,6.51,6.46
2019-10-04,6.45,-0.06 (-0.92 %),2691340,6.50,6.54,6.45
2019-10-07,6.39,-0.06 (-0.93 %),3296990,6.45,6.50,6.37
2019-10-08,6.40,0.01 (0.16 %),2668610,6.45,6.42,6.28
2019-10-09,6.27,-0.13 (-2.03 %),3644640,6.38,6.38,6.27
2019-10-10,6.30,0.03 (0.48 %),1126240,6.35,6.35,6.26
2019-10-11,6.30,0.00 (0.00 %),1421640,6.30,6.30,6.27
2019-10-14,6.30,0.00 (0.00 %),2437780,6.31,6.34,6.28
2019-10-15,6.29,-0.01 (-0.16 %),2066420,6.29,6.32,6.27
2019-10-16,6.29,0.00 (0.00 %),1623880,6.29,6.30,6.26
2019-10-17,6.28,-0.01 (-0.16 %),2565100,6.26,6.28,6.21
2019-10-18,6.27,-0.01 (-0.16 %),2521630,6.28,6.28,6.22
2019-10-21,6.26,-0.01 (-0.16 %),3176740,6.27,6.27,6.20
2019-10-22,6.26,0.00 (0.00 %),2968420,6.26,6.26,6.18
2019-10-23,6.25,-0.01 (-0.16 %),876080,6.25,6.25,6.22
2019-10-24,6.22,-0.03 (-0.48 %),2925100,6.25,6.25,6.18
2019-10-25,6.20,-0.02 (-0.32 %),3841840,6.22,6.23,6.13
2019-10-28,6.17,-0.03 (-0.48 %),3154420,6.20,6.20,6.09
2019-10-29,6.14,-0.03 (-0.49 %),4149620,6.17,6.17,6.09
2019-10-30,6.21,0.07 (1.14 %),5711370,6.11,6.25,6.10
2019-10-31,6.24,0.03 (0.48 %),4873080,6.25,6.31,6.20
2019-11-01,6.20,-0.04 (-0.64 %),2513830,6.25,6.25,6.17
2019-11-04,6.12,-0.08 (-1.29 %),4977600,6.15,6.17,6.02
2019-11-05,6.10,-0.02 (-0.33 %),5310640,6.10,6.10,5.99
2019-11-06,6.10,0.00 (0.00 %),4414390,6.10,6.10,6.00
2019-11-07,6.04,-0.06 (-0.98 %),4338490,6.10,6.10,6.00
2019-11-08,6.03,-0.01 (-0.17 %),3582840,6.02,6.06,5.96
2019-11-11,6.03,0.00 (0.00 %),4923720,6.03,6.04,5.96
2019-11-12,6.02,-0.01 (-0.17 %),3596470,6.03,6.03,5.97
2019-11-13,6.01,-0.01 (-0.17 %),4260700,5.99,6.02,5.96
2019-11-14,5.90,-0.11 (-1.83 %),3830800,5.97,6.00,5.90
2019-11-15,5.50,-0.40 (-6.78 %),3837060,5.93,5.93,5.50
2019-11-18,5.60,0.10 (1.82 %),1953340,5.59,5.69,5.45
2019-11-19,5.70,0.10 (1.79 %),1514470,5.58,5.83,5.58
2019-11-20,5.63,-0.07 (-1.23 %),1567930,5.71,5.71,5.59
2019-11-21,5.50,-0.13 (-2.31 %),875270,5.60,5.63,5.50
2019-11-22,5.76,0.26 (4.73 %),2685540,5.50,5.83,5.50
2019-11-25,5.80,0.04 (0.69 %),1541020,5.82,5.89,5.78
2019-11-26,5.79,-0.01 (-0.17 %),1404290,5.78,5.84,5.77
2019-11-27,5.78,-0.01 (-0.17 %),1626430,5.82,5.85,5.75
2019-11-28,5.63,-0.15 (-2.60 %),1157850,5.80,5.80,5.60
2019-11-29,5.70,0.07 (1.24 %),872270,5.70,5.79,5.64
2019-12-02,5.62,-0.08 (-1.40 %),944550,5.76,5.77,5.62
2019-12-03,5.71,0.09 (1.60 %),1437890,5.73,5.75,5.62
2019-12-04,6.10,0.39 (6.83 %),3712670,5.70,6.10,5.70
2019-12-05,6.35,0.25 (4.10 %),4575130,6.30,6.47,6.22
2019-12-06,6.33,-0.02 (-0.31 %),1460460,6.40,6.40,6.23
2019-12-09,6.27,-0.06 (-0.95 %),2305810,6.27,6.38,6.26
2019-12-10,6.18,-0.09 (-1.44 %),1989990,6.28,6.28,6.15
2019-12-11,6.14,-0.04 (-0.65 %),1184380,6.15,6.22,6.10
2019-12-12,6.37,0.23 (3.75 %),3892490,6.15,6.44,6.13
2019-12-13,6.27,-0.10 (-1.57 %),1946810,6.39,6.43,6.27
2019-12-16,6.20,-0.07 (-1.12 %),2772370,6.27,6.30,6.17
2019-12-17,5.75,-0.45 (-7.26 %),2611060,5.92,5.92,5.73
2019-12-18,5.50,-0.25 (-4.35 %),1108300,5.75,5.78,5.50
2019-12-19,5.54,0.04 (0.73 %),797930,5.54,5.68,5.50
2019-12-20,5.53,-0.01 (-0.18 %),2257240,5.56,5.56,5.41
2019-12-23,5.55,0.02 (0.36 %),935490,5.51,5.58,5.50
2019-12-24,5.93,0.38 (6.85 %),3347590,5.58,5.93,5.58
2019-12-25,6.08,0.15 (2.53 %),3652710,6.10,6.27,6.08
2019-12-26,6.02,-0.06 (-0.99 %),1726780,6.06,6.17,6.01
2019-12-27,5.92,-0.10 (-1.66 %),1836030,5.98,6.07,5.92
2019-12-30,5.96,0.04 (0.68 %),2380550,5.95,6.03,5.95
2019-12-31,5.89,-0.07 (-1.17 %),1450570,5.97,5.97,5.88
2020-01-02,5.92,0.03 (0.51 %),1213180,5.89,5.99,5.85
2020-01-03,5.93,0.01 (0.17 %),1207120,5.91,5.99,5.90
2020-01-06,5.80,-0.13 (-2.19 %),1798380,5.91,5.97,5.80
2020-01-07,5.75,-0.05 (-0.86 %),969680,5.80,5.82,5.75
2020-01-08,5.48,-0.27 (-4.70 %),3773750,5.71,5.75,5.44
2020-01-09,5.57,0.09 (1.64 %),1208370,5.56,5.63,5.52
2020-01-10,5.51,-0.06 (-1.08 %),1028790,5.60,5.60,5.51
2020-01-13,5.33,-0.18 (-3.27 %),1962210,5.46,5.50,5.33
2020-01-14,5.30,-0.03 (-0.56 %),1210130,5.30,5.39,5.25
2020-01-15,5.31,0.01 (0.19 %),1119450,5.30,5.39,5.30
2020-01-16,5.30,-0.01 (-0.19 %),829550,5.31,5.37,5.30
2020-01-17,5.24,-0.06 (-1.13 %),581300,5.30,5.30,5.24
2020-01-20,5.20,-0.04 (-0.76 %),558280,5.24,5.31,5.20
2020-01-21,5.22,0.02 (0.38 %),967710,5.20,5.26,5.18
2020-01-22,5.30,0.08 (1.53 %),617390,5.28,5.34,5.25
2020-01-30,5.21,-0.09 (-1.70 %),1295990,5.27,5.38,5.20
2020-01-31,5.06,-0.15 (-2.88 %),1872850,5.21,5.25,5.06
2020-02-03,4.99,-0.07 (-1.38 %),3036400,4.99,5.00,4.71
2020-02-04,5.30,0.31 (6.21 %),2145830,5.00,5.30,4.80
2020-02-05,5.40,0.10 (1.89 %),1861890,5.25,5.40,5.10
2020-02-06,5.41,0.01 (0.19 %),1303780,5.40,5.51,5.32
2020-02-07,5.34,-0.07 (-1.29 %),534620,5.41,5.43,5.34
2020-02-10,5.16,-0.18 (-3.37 %),1100630,5.34,5.34,5.16
2020-02-11,5.29,0.13 (2.52 %),762600,5.20,5.29,5.17
2020-02-12,5.25,-0.04 (-0.76 %),824590,5.29,5.38,5.25
2020-02-13,5.25,0.00 (0.00 %),708130,5.25,5.30,5.24
2020-02-14,5.21,-0.04 (-0.76 %),1965710,5.25,5.27,5.16
2020-02-17,5.26,0.05 (0.96 %),2481150,5.28,5.28,5.17
2020-02-18,5.59,0.33 (6.27 %),6251620,5.26,5.62,5.26
2020-02-19,5.56,-0.03 (-0.54 %),1781120,5.59,5.79,5.51
2020-02-20,5.51,-0.05 (-0.90 %),1821900,5.61,5.62,5.50
2020-02-21,5.46,-0.05 (-0.91 %),2196270,5.49,5.54,5.43
2020-02-24,5.20,-0.26 (-4.76 %),2543960,5.26,5.40,5.08
2020-02-25,5.20,0.00 (0.00 %),1114610,5.09,5.25,5.09
2020-02-26,5.16,-0.04 (-0.77 %),1603610,5.10,5.18,5.05
2020-02-27,5.17,0.01 (0.19 %),973760,5.20,5.22,5.15
2020-02-28,5.00,-0.17 (-3.29 %),2278840,5.06,5.15,4.90
2020-03-02,4.92,-0.08 (-1.60 %),1688960,5.00,5.09,4.92
2020-03-03,4.93,0.01 (0.20 %),1762820,5.01,5.10,4.93
2020-03-04,5.13,0.20 (4.06 %),3548700,4.93,5.16,4.93
2020-03-05,5.13,0.00 (0.00 %),1966320,5.20,5.31,5.13
2020-03-06,5.28,0.15 (2.92 %),1978630,5.09,5.37,5.09
2020-03-09,4.92,-0.36 (-6.82 %),2455760,4.93,5.07,4.92
2020-03-10,4.85,-0.07 (-1.42 %),1345060,4.80,4.98,4.73
2020-03-11,4.59,-0.26 (-5.36 %),2623010,4.99,4.99,4.52
2020-03-12,4.27,-0.32 (-6.97 %),2597490,4.32,4.34,4.27
2020-03-13,3.98,-0.29 (-6.79 %),6305450,3.98,4.10,3.98
2020-03-16,3.85,-0.13 (-3.27 %),11017060,3.71,3.89,3.71
2020-03-17,4.10,0.25 (6.49 %),3911370,4.10,4.10,3.75
2020-03-18,4.38,0.28 (6.83 %),4796440,4.35,4.38,4.28
2020-03-19,4.25,-0.13 (-2.97 %),5717870,4.44,4.44,4.12
2020-03-20,4.11,-0.14 (-3.29 %),1589750,4.20,4.25,4.10
2020-03-23,3.83,-0.28 (-6.81 %),3873340,3.90,3.97,3.83
2020-03-24,4.05,0.22 (5.74 %),2476100,3.67,4.05,3.60
2020-03-25,4.25,0.20 (4.94 %),2303930,4.10,4.25,4.00
2020-03-26,4.20,-0.05 (-1.18 %),1977820,4.06,4.20,4.06
2020-03-27,4.14,-0.06 (-1.43 %),2437130,4.11,4.17,4.02
2020-03-30,3.86,-0.28 (-6.76 %),2984190,4.00,4.00,3.86
2020-03-31,3.59,-0.27 (-6.99 %),2971990,3.80,3.92,3.59
2020-04-01,3.80,0.21 (5.85 %),1878180,3.43,3.80,3.43
2020-04-03,4.06,0.26 (6.84 %),2690490,3.89,4.06,3.80
2020-04-06,4.30,0.24 (5.91 %),4143120,4.10,4.31,4.10
2020-04-07,4.10,-0.20 (-4.65 %),2176270,4.30,4.33,4.05
2020-04-08,4.17,0.07 (1.71 %),1776210,4.00,4.17,3.95
2020-04-09,4.20,0.03 (0.72 %),2933620,4.16,4.25,4.15
2020-04-10,4.08,-0.12 (-2.86 %),1612410,4.15,4.20,4.02
2020-04-13,4.09,0.01 (0.25 %),1035350,4.08,4.15,4.05
2020-04-14,4.00,-0.09 (-2.20 %),1493680,4.09,4.14,3.98
2020-04-15,4.12,0.12 (3.00 %),2212120,4.05,4.18,4.05
2020-04-16,4.12,0.00 (0.00 %),1540890,4.14,4.18,4.05
2020-04-17,4.23,0.11 (2.67 %),3837830,4.20,4.33,4.15
2020-04-20,4.41,0.18 (4.26 %),4956460,4.30,4.49,4.25
2020-04-21,4.25,-0.16 (-3.63 %),3669000,4.33,4.36,4.11
2020-04-22,4.30,0.05 (1.18 %),2072560,4.17,4.30,4.08
2020-04-23,4.20,-0.10 (-2.33 %),2342590,4.33,4.39,4.20
2020-04-24,4.20,0.00 (0.00 %),1476040,4.25,4.25,4.09
2020-04-27,4.38,0.18 (4.29 %),4008530,4.24,4.43,4.21
2020-04-28,4.41,0.03 (0.68 %),2568480,4.37,4.63,4.37
2020-04-29,4.50,0.09 (2.04 %),2998070,4.50,4.60,4.41
2020-05-04,4.46,-0.04 (-0.89 %),2810630,4.50,4.52,4.38
2020-05-05,4.42,-0.04 (-0.90 %),1571040,4.46,4.47,4.38
2020-05-06,4.48,0.06 (1.36 %),2060880,4.42,4.59,4.41
2020-05-07,4.55,0.07 (1.56 %),2614580,4.56,4.69,4.51
2020-05-08,4.57,0.02 (0.44 %),2497020,4.55,4.69,4.55
2020-05-11,4.56,-0.01 (-0.22 %),1519450,4.56,4.61,4.55
2020-05-12,4.60,0.04 (0.88 %),2007540,4.55,4.61,4.50
2020-05-13,4.63,0.03 (0.65 %),2000910,4.61,4.72,4.58
2020-05-14,4.68,0.05 (1.08 %),1675070,4.65,4.83,4.60
2020-05-15,4.68,0.00 (0.00 %),1824750,4.73,4.81,4.66
2020-05-18,4.70,0.02 (0.43 %),659200,4.62,4.73,4.62
2020-05-19,4.70,0.00 (0.00 %),1733890,4.72,4.75,4.69
2020-05-20,4.66,-0.04 (-0.85 %),1421660,4.70,4.75,4.64
2020-05-21,4.61,-0.05 (-1.07 %),948130,4.66,4.70,4.61
2020-05-22,4.59,-0.02 (-0.43 %),1095070,4.61,4.65,4.59
2020-05-25,4.59,0.00 (0.00 %),1002100,4.56,4.60,4.56
2020-05-26,4.71,0.12 (2.61 %),1242510,4.59,4.71,4.59
2020-05-27,4.72,0.01 (0.21 %),2815260,4.75,4.87,4.72
2020-05-28,4.83,0.11 (2.33 %),1146130,4.75,4.87,4.74
2020-05-29,4.85,0.02 (0.41 %),1598100,4.83,4.94,4.79
2020-06-01,5.05,0.20 (4.12 %),2534000,4.89,5.10,4.89
2020-06-02,4.87,-0.18 (-3.56 %),2336250,5.08,5.10,4.87
2020-06-03,4.94,0.07 (1.44 %),1632140,4.90,5.04,4.86
2020-06-04,4.96,0.02 (0.40 %),1663440,4.95,5.10,4.95
2020-06-05,5.30,0.34 (6.85 %),6656610,4.98,5.30,4.96
2020-06-08,5.67,0.37 (6.98 %),3157840,5.52,5.67,5.41
2020-06-09,6.04,0.37 (6.53 %),6032090,6.05,6.06,5.80
2020-06-10,6.45,0.41 (6.79 %),10004040,6.04,6.46,6.04
2020-06-11,6.33,-0.12 (-1.86 %),9584350,6.49,6.90,6.33
2020-06-12,6.20,-0.13 (-2.05 %),4799800,5.91,6.38,5.91
2020-06-15,5.77,-0.43 (-6.94 %),6728640,6.20,6.43,5.77
2020-06-16,5.85,0.08 (1.39 %),3318050,5.90,6.05,5.85
2020-06-17,5.80,-0.05 (-0.85 %),3376950,5.85,5.95,5.74
2020-06-18,5.81,0.01 (0.17 %),2157270,5.80,5.87,5.64
2020-06-19,6.21,0.40 (6.88 %),3340340,5.93,6.21,5.90
2020-06-22,6.64,0.43 (6.92 %),7206370,6.63,6.64,6.50
2020-06-23,6.55,-0.09 (-1.36 %),7645730,6.70,7.10,6.54
2020-06-24,6.17,-0.38 (-5.80 %),4449370,6.55,6.64,6.15
2020-06-25,6.20,0.03 (0.49 %),3447170,6.17,6.30,6.02
2020-06-26,6.21,0.01 (0.16 %),2286440,6.30,6.35,6.10
2020-06-29,5.78,-0.43 (-6.92 %),3799620,6.05,6.10,5.78
2020-06-30,5.78,0.00 (0.00 %),5013730,5.80,5.90,5.38
2020-07-01,5.85,0.07 (1.21 %),2179200,5.60,5.95,5.55
2020-07-02,5.88,0.03 (0.51 %),1383820,5.85,5.94,5.76
2020-07-03,5.81,-0.07 (-1.19 %),1425510,5.90,5.96,5.81
2020-07-06,5.78,-0.03 (-0.52 %),887270,5.80,5.89,5.78
2020-07-07,5.60,-0.18 (-3.11 %),1813310,5.80,5.89,5.60
2020-07-08,5.63,0.03 (0.54 %),1932790,5.60,5.71,5.58
2020-07-09,5.90,0.27 (4.80 %),1952640,5.63,5.91,5.63
2020-07-10,5.77,-0.13 (-2.20 %),1010090,5.89,5.90,5.77
2020-07-13,5.72,-0.05 (-0.87 %),930620,5.81,5.88,5.70
2020-07-14,5.78,0.06 (1.05 %),885280,5.70,5.78,5.66
2020-07-15,5.74,-0.04 (-0.69 %),1227130,5.80,5.87,5.74
2020-07-16,5.69,-0.05 (-0.87 %),679170,5.79,5.82,5.69
2020-07-17,5.69,0.00 (0.00 %),879840,5.69,5.75,5.68
2020-07-20,5.55,-0.14 (-2.46 %),1441910,5.55,5.75,5.55
2020-07-21,5.48,-0.07 (-1.26 %),1376480,5.55,5.58,5.45
2020-07-22,5.45,-0.03 (-0.55 %),1272690,5.65,5.65,5.45
2020-07-23,5.40,-0.05 (-0.92 %),1092200,5.42,5.50,5.38
2020-07-24,5.40,0.00 (0.00 %),3958630,5.38,5.40,5.03
2020-07-27,5.03,-0.37 (-6.85 %),1977010,5.03,5.11,5.03
2020-07-28,5.04,0.01 (0.20 %),1500310,5.08,5.19,4.87
2020-07-29,4.71,-0.33 (-6.55 %),1991730,4.95,4.95,4.69
2020-07-30,4.72,0.01 (0.21 %),1035650,4.70,4.80,4.70
2020-07-31,4.60,-0.12 (-2.54 %),1017240,4.72,4.72,4.60
2020-08-03,4.80,0.20 (4.35 %),1216450,4.60,4.87,4.60
2020-08-04,5.04,0.24 (5.00 %),1633960,4.86,5.07,4.86
2020-08-05,5.12,0.08 (1.59 %),1571970,5.04,5.17,5.00
2020-08-06,5.15,0.03 (0.59 %),1706700,5.12,5.20,5.02
2020-08-07,5.15,0.00 (0.00 %),436010,5.19,5.19,5.08
2020-08-10,5.34,0.19 (3.69 %),1974560,5.15,5.37,5.15
2020-08-11,5.39,0.05 (0.94 %),1506880,5.30,5.45,5.30
2020-08-12,5.39,0.00 (0.00 %),1301290,5.40,5.52,5.35
2020-08-13,5.60,0.21 (3.90 %),2486690,5.45,5.67,5.42
2020-08-14,5.45,-0.15 (-2.68 %),1403110,5.60,5.70,5.43
2020-08-17,5.58,0.13 (2.39 %),1670880,5.58,5.72,5.45
2020-08-18,5.52,-0.06 (-1.08 %),1252030,5.64,5.65,5.52
2020-08-19,5.60,0.08 (1.45 %),613250,5.52,5.63,5.50
2020-08-20,5.54,-0.06 (-1.07 %),725700,5.58,5.63,5.53
2020-08-21,5.70,0.16 (2.89 %),1471780,5.54,5.72,5.54
2020-08-24,5.87,0.17 (2.98 %),1592540,5.72,5.87,5.72
2020-08-25,5.82,-0.05 (-0.85 %),1592990,5.92,5.92,5.81
2020-08-26,5.78,-0.04 (-0.69 %),1133870,5.82,5.83,5.77
2020-08-27,5.76,-0.02 (-0.35 %),1383900,5.79,5.84,5.75
2020-08-28,5.80,0.04 (0.69 %),2877510,5.79,5.92,5.76
2020-08-31,5.80,0.00 (0.00 %),1435320,5.85,5.87,5.79
2020-09-01,5.75,-0.05 (-0.86 %),1161490,5.79,5.82,5.69
2020-09-03,5.79,0.04 (0.70 %),1549840,5.80,5.88,5.79
2020-09-04,5.81,0.02 (0.35 %),2376800,5.72,5.95,5.70
2020-09-07,5.70,-0.11 (-1.89 %),1193970,5.88,5.88,5.70
2020-09-08,5.75,0.05 (0.88 %),1033190,5.71,5.78,5.69
2020-09-09,5.73,-0.02 (-0.35 %),1542520,5.70,5.73,5.68
2020-09-10,5.73,0.00 (0.00 %),1802720,5.75,5.82,5.73
2020-09-11,5.78,0.05 (0.87 %),528040,5.79,5.79,5.73
2020-09-14,6.18,0.40 (6.92 %),7749920,5.81,6.18,5.81
2020-09-15,6.30,0.12 (1.94 %),4078400,6.20,6.44,6.17
2020-09-16,6.32,0.02 (0.32 %),1962900,6.30,6.32,6.16
2020-09-17,6.28,-0.04 (-0.63 %),4334130,6.29,6.29,6.05
2020-09-18,6.20,-0.08 (-1.27 %),1742850,6.27,6.32,6.20
2020-09-21,6.35,0.15 (2.42 %),3253610,6.20,6.50,6.20
2020-09-22,6.30,-0.05 (-0.79 %),1887650,6.30,6.39,6.20
2020-09-23,6.31,0.01 (0.16 %),1817340,6.34,6.36,6.25
2020-09-24,6.23,-0.08 (-1.27 %),1395790,6.25,6.31,6.20
2020-09-25,6.20,-0.03 (-0.48 %),3233420,6.23,6.27,6.09
2020-09-28,6.24,0.04 (0.65 %),2348080,6.25,6.35,6.24
2020-09-29,6.15,-0.09 (-1.44 %),1536170,6.30,6.30,6.15
2020-09-30,6.17,0.02 (0.33 %),1653540,6.15,6.22,6.09
2020-10-01,6.60,0.43 (6.97 %),7627430,6.28,6.60,6.24
2020-10-02,6.60,0.00 (0.00 %),4212080,6.63,6.63,6.15
2020-10-05,6.75,0.15 (2.27 %),3588280,6.66,6.89,6.65
2020-10-06,6.76,0.01 (0.15 %),4149760,6.78,6.88,6.60
2020-10-07,6.79,0.03 (0.44 %),4432070,6.76,7.02,6.65
2020-10-08,6.80,0.01 (0.15 %),3027880,6.80,6.83,6.60
2020-10-09,6.81,0.01 (0.15 %),2167870,6.76,6.90,6.71
2020-10-12,6.70,-0.11 (-1.62 %),2876280,6.81,6.84,6.65
2020-10-13,6.70,0.00 (0.00 %),2387660,6.65,6.70,6.54
2020-10-14,6.60,-0.10 (-1.49 %),1276590,6.70,6.70,6.60
2020-10-15,6.57,-0.03 (-0.45 %),2232400,6.60,6.60,6.48
2020-10-16,6.40,-0.17 (-2.59 %),2022990,6.64,6.64,6.40
2020-10-19,6.31,-0.09 (-1.41 %),1592700,6.48,6.48,6.30
2020-10-20,6.49,0.18 (2.85 %),2465090,6.30,6.56,6.28
2020-10-21,6.48,-0.01 (-0.15 %),1445010,6.60,6.61,6.45
2020-10-22,6.48,0.00 (0.00 %),1118240,6.41,6.48,6.38
2020-10-23,6.35,-0.13 (-2.01 %),1453550,6.48,6.57,6.35
2020-10-26,6.30,-0.05 (-0.79 %),1197570,6.50,6.50,6.30
2020-10-27,6.10,-0.20 (-3.17 %),1997980,6.30,6.32,6.10
2020-10-28,5.80,-0.30 (-4.92 %),1618230,6.07,6.12,5.80
2020-10-29,5.86,0.06 (1.03 %),1225490,5.80,5.97,5.77
2020-10-30,5.89,0.03 (0.51 %),649420,5.86,5.96,5.84
2020-11-02,5.94,0.05 (0.85 %),572950,5.85,5.94,5.80
2020-11-03,6.00,0.06 (1.01 %),661080,5.94,6.08,5.94
2020-11-04,6.20,0.20 (3.33 %),1344200,6.05,6.31,6.05
2020-11-05,6.20,0.00 (0.00 %),1044190,6.27,6.43,6.18
2020-11-06,6.25,0.05 (0.81 %),499550,6.20,6.30,6.19
2020-11-09,6.30,0.05 (0.80 %),1027260,6.24,6.39,6.24
2020-11-10,6.23,-0.07 (-1.11 %),1159810,6.37,6.45,6.23
2020-11-11,6.40,0.17 (2.73 %),2815830,6.40,6.55,6.40
2020-11-12,6.45,0.05 (0.78 %),1319690,6.56,6.56,6.43
2020-11-13,6.50,0.05 (0.78 %),1530400,6.50,6.56,6.42
2020-11-16,6.72,0.22 (3.38 %),4679680,6.50,6.80,6.50
2020-11-17,6.73,0.01 (0.15 %),2039350,6.78,6.83,6.70
2020-11-18,6.73,0.00 (0.00 %),2042650,6.73,6.82,6.68
2020-11-19,6.75,0.02 (0.30 %),3155860,6.74,6.83,6.70
2020-11-20,7.06,0.31 (4.59 %),6908090,6.75,7.19,6.75
2020-11-23,7.15,0.09 (1.27 %),3869030,7.10,7.25,7.04
2020-11-24,7.00,-0.15 (-2.10 %),3131060,7.15,7.16,6.96
2020-11-26,7.05,0.07 (1.00 %),2814460,7.00,7.10,7.00
2020-11-27,7.07,0.02 (0.28 %),2708040,7.12,7.17,7.07
2020-11-30,7.14,0.07 (0.99 %),5291350,7.07,7.37,7.07
2020-12-01,7.25,0.11 (1.54 %),4979530,7.11,7.25,7.00
2020-12-02,7.20,-0.05 (-0.69 %),3786600,7.28,7.40,7.20
2020-12-03,7.15,-0.05 (-0.69 %),3543590,7.21,7.23,7.13
2020-12-04,7.17,0.02 (0.28 %),4575920,7.20,7.26,7.15
2020-12-07,7.25,0.08 (1.12 %),4376100,7.25,7.43,7.23
2020-12-08,7.17,-0.08 (-1.10 %),3274280,7.25,7.32,7.16
2020-12-09,7.10,-0.07 (-0.98 %),3806420,7.17,7.24,7.10
2020-12-10,7.00,-0.10 (-1.41 %),4815480,7.11,7.22,7.00
2020-12-11,7.07,0.07 (1.00 %),2063890,7.12,7.15,6.95
2020-12-14,7.25,0.18 (2.55 %),5590590,7.08,7.30,7.04
2020-12-15,7.43,0.18 (2.48 %),9278340,7.19,7.65,7.18
2020-12-16,7.84,0.41 (5.52 %),8615990,7.50,7.92,7.50
2020-12-17,7.72,-0.12 (-1.53 %),6215560,7.80,7.89,7.60
2020-12-18,7.70,-0.02 (-0.26 %),6778810,7.73,7.85,7.63
2020-12-21,8.17,0.47 (6.10 %),10286240,7.75,8.20,7.72
2020-12-22,8.47,0.30 (3.67 %),9557550,8.15,8.47,8.05
2020-12-23,7.92,-0.55 (-6.49 %),6911940,8.60,8.67,7.92
2020-12-24,8.00,0.08 (1.01 %),7954920,8.20,8.25,7.50
2020-12-25,8.42,0.42 (5.25 %),8817500,8.01,8.50,7.85
2020-12-28,8.96,0.54 (6.41 %),12305480,8.80,9.00,8.65
2020-12-29,9.36,0.40 (4.46 %),7347030,9.00,9.55,8.86
2020-12-30,9.08,-0.28 (-2.99 %),5781330,9.08,9.48,9.07
2020-12-31,9.11,0.03 (0.33 %),5083070,9.05,9.29,9.00
2021-01-04,9.21,0.10 (1.10 %),6008700,9.30,9.70,9.12
2021-01-05,9.10,-0.11 (-1.19 %),5931900,9.20,9.35,9.10
2021-01-06,9.10,0.00 (0.00 %),6357200,9.30,9.30,9.08
2021-01-07,9.29,0.19 (2.09 %),6912600,9.20,9.38,9.05
2021-01-08,9.48,0.19 (2.05 %),8677100,9.30,9.59,9.28
2021-01-11,9.78,0.30 (3.16 %),7146300,9.50,9.90,9.40
2021-01-12,9.65,-0.13 (-1.33 %),6023200,9.90,9.92,9.65
2021-01-13,9.30,-0.35 (-3.63 %),7124000,9.65,9.75,9.30
2021-01-14,9.27,-0.03 (-0.32 %),5994300,9.35,9.39,9.10
2021-01-15,9.56,0.29 (3.13 %),6607000,9.35,9.60,9.25
2021-01-18,9.50,-0.06 (-0.63 %),6532300,9.60,9.80,9.50
2021-01-19,8.84,-0.66 (-6.95 %),5429200,9.50,9.58,8.84
2021-01-20,8.35,-0.49 (-5.54 %),5590100,8.95,9.00,8.23
2021-01-21,8.88,0.53 (6.35 %),4198900,8.60,8.88,8.42
2021-01-22,9.10,0.22 (2.48 %),6033100,9.00,9.35,9.00
2021-01-25,9.30,0.20 (2.20 %),9753700,9.10,9.53,9.10
2021-01-26,9.15,-0.15 (-1.61 %),5416500,9.35,9.39,8.81
2021-01-27,8.60,-0.55 (-6.01 %),4570600,9.10,9.25,8.54
2021-01-28,8.00,-0.60 (-6.98 %),5439700,8.00,8.40,8.00
2021-01-29,8.10,0.10 (1.25 %),4781000,7.50,8.30,7.50
2021-02-01,7.54,-0.56 (-6.91 %),5828600,8.00,8.08,7.54
2021-02-02,7.59,0.05 (0.66 %),4645600,7.40,7.59,7.15
2021-02-03,8.04,0.45 (5.93 %),3966300,7.60,8.10,7.58
2021-02-04,7.93,-0.11 (-1.37 %),2317500,8.00,8.20,7.80
2021-02-05,8.30,0.37 (4.67 %),3341000,8.00,8.30,7.90
2021-02-08,7.80,-0.50 (-6.02 %),2701100,7.80,8.40,7.75
2021-02-09,8.17,0.37 (4.74 %),2462600,8.17,8.18,7.80
2021-02-17,8.60,0.43 (5.26 %),3542200,8.28,8.62,8.18
2021-02-18,8.56,-0.04 (-0.47 %),3292200,8.61,8.82,8.50
2021-02-19,8.51,-0.05 (-0.58 %),3034200,8.50,8.67,8.48
2021-02-22,8.41,-0.10 (-1.18 %),3820800,8.52,8.69,8.41
2021-02-23,8.45,0.04 (0.48 %),3009600,8.53,8.53,8.42
2021-02-24,8.25,-0.20 (-2.37 %),2594200,8.45,8.55,8.25
2021-02-25,8.19,-0.06 (-0.73 %),2536500,8.40,8.40,8.19
2021-02-26,8.19,0.00 (0.00 %),2885400,8.01,8.20,8.01
2021-03-01,8.30,0.11 (1.34 %),3156100,8.30,8.50,8.18
2021-03-02,8.31,0.01 (0.12 %),1607300,8.40,8.45,8.30
